ZIP CODE,tc_2 # OF PROPERTIES,tc_2  FY'2017 MARKET VALUE LAND,tc_2  FY'2017 MARKET VALUE TOTAL,tc_2  FY'2017 ASSESSED VALUE LAND,tc_2  FY'2017 ASSESSED VALUE TOTAL,tc_2  FY'2017 EXEMPT VALUE LAND,tc_2  FY'2017 EXEMPT VALUE TOTAL,tc_2  FY'2017 ACTUAL ASSESSED VALUE LAND,tc_2  FY'2017 ACTUAL ASSESSED VALUE TOTAL,tc_2  Average Actual Assessment Ratio,tc_2  Median Actual Assessment Ratio,tc_2  FY'2017 ACTUAL EXEMPT VALUE LAND,tc_2  FY'2017 ACTUAL EXEMPT VALUE TOTAL,tc_2  TOTAL UNITS,tc_2  RESIDENTIAL UNITS,tc_2  LAND SQUARE FEET,tc_2 GROSS SQUARE FEET,tc_2 Taxable Assessed Value,tc_2 Total Taxes,tc_2 Average Taxable Effective Tax Rate,tc_2 Median Taxable Effective Tax Rate,tc_2 Taxes w/out Exemption,tc_2 Average Effective Tax Rate w/out Exemption,tc_2 Median Effective Tax Rate w/out Exemption,tc_2 Average Market Value Per Residential Unit,tc_2  Average Market Value Per Gross Square Foot,tc_2 Actual Assessed Value Per Residential Unit,tc_2 Actual Assessed Value Per Gross Square Foot,tc_2 Taxes w/out Exemption Per Residential Unit,tc_2 Taxes w/out Exemption Per Gross Square Foot,tc_1 # of Properties,tc_1 Finance FY'2017 Market Value Total,tc_1 Average Market Value,tc_1 Finance FY'2017 Assessed Value Land,tc_1 Finance FY'2017 Assessed Value Total,tc_1 Average Assessed Value,tc_1 Finance FY'2017 Exempt Value Land,tc_1 Finance FY'2017 Exempt Value Total,"tc_1 Finance FY'2017 Taxable Assessed Value 
(Assessed Value minus Exempt Value)","tc_1 FY'2017 Taxes
(Taxable Assessed Value * Tax Rate)",tc_1 FY'2017 Average Effective Tax Rate (Taxes ÷ Market Value),tc_1 FY'2017 Median Effective Tax Rate,"tc_1 FY'2017 Average Assessment Ratio
(Assessed Value ÷ Market Value)",tc_1 FY'2017 Median Actual Assessment Ratio,tc_1 FY'2017 Taxes w/out Exemptions,tc_1 FY'2017 Average Taxes w/out Exemptions,tc_1 FY'2017 Average Effective Tax Rate w/out Exemptions,tc_1 FY'2017 Median Effective Tax Rate w/out Exemption
10001,1471,780125048,4538886185,290671105,1658138801,81524077,686730527,320717141,1922824968,0.4236,0.45,94909401,795027433,20230,19842,8643407,29555835,963988316,124277374,0.0274,0.0463,247890595,0.0546,0.058,228751,154,96907,65,12493,8.39,19,129619000,6822053,1542155,2699429,142075,4650,4650,2694779,538713,0.0042,0.0041,0.0208,0.0207,539643,28402,0.0042,0.0041
10002,2480,1119441624,4725893887,433821548,1705825116,194114612,763757475,449310179,1983026564,0.4196,0.45,196721477,875298130,38109,36390,312106571,38324321,941393101,121364399,0.0257,0.0451,255651785,0.0541,0.058,129868,123,54494,52,7025,6.67,99,234359873,2367271,1614510,4494374,45398,196933,351862,4142512,828130,0.0035,0.0044,0.0192,0.0241,898470,9075,0.0038,0.0048
10003,3735,1598012608,8310198962,521608957,2700093121,33872345,198475327,537001788,3135021435,0.3772,0.45,34665632,232396375,33597,32181,61816633,37270262,2498831015,322149294,0.0388,0.0474,404166963,0.0486,0.058,258233,223,97418,84,12559,10.84,192,1364405310,7106278,14019743,33307160,173475,298995,617138,32690022,6535062,0.0048,0.0046,0.0244,0.0235,6658434,34679,0.0049,0.0047
10004,833,86698487,644247080,33694636,239754510,326200,48617039,33694659,266505140,0.4137,0.45,328349,51090124,2079,2046,394690,9062172,191013700,24625486,0.0382,0.0325,34357843,0.0533,0.058,314881,71,130257,29,16793,3.79,4,29586000,7396500,363700,873810,218453,0,0,873810,174683,0.0059,0.0054,0.0295,0.0271,174683,43671,0.0059,0.0054
10005,1650,371514875,1650726876,166694449,648149892,4251656,143404591,166694449,738072628,0.4471,0.45,4252110,146641252,5927,5880,504716,11467294,504744165,65071618,0.0394,0.0335,95152323,0.0576,0.058,280736,144,125523,64,16182,8.3,55,274333293,4987878,1356546,2975507,54100,41947,41947,2933560,586448,0.0021,0.0022,0.0108,0.011,594834,10815,0.0022,0.0022
10006,826,101857514,588687966,45183106,225926524,275650,28342340,45076938,263051395,0.4468,0.45,275650,29812845,2722,2692,323695,5985770,197584184,25472553,0.0433,0.0501,33912586,0.0576,0.058,218681,98,97716,44,12598,5.67,22,118369000,5380409,2062795,3561951,161907,15270,15270,3546681,709017,0.006,0.0057,0.0301,0.0287,712070,32367,0.006,0.0057
10007,1839,268915290,1683011931,108061600,660503121,3735539,122876203,109410549,713241541,0.4238,0.45,3967477,138529962,4196,4039,7638825,13445556,515779777,66494329,0.0395,0.0452,91951099,0.0546,0.058,416690,125,176589,53,22766,6.84,397,3334980498,8400455,27164475,74155561,186790,441958,819725,73335836,14660567,0.0044,0.0042,0.0222,0.0211,14824438,37341,0.0044,0.0042
10009,1898,1207190664,5835476144,447809048,1850685006,137400763,525438213,449011850,2264977748,0.3881,0.45,137626814,645693880,36861,35895,10305660,32564643,1324009544,170691310,0.0293,0.0372,292000931,0.05,0.058,162571,179,63100,70,8135,8.97,81,562743695,6947453,4415884,13341244,164707,160788,297264,13043980,2607622,0.0046,0.0042,0.0237,0.0223,2667048,32927,0.0047,0.0045
10010,2806,777864519,4503620195,318439088,1627932701,70903783,371558022,320059519,1890810974,0.4198,0.45,70794049,441158999,17421,16978,4249120,25333202,1255103862,161807990,0.0359,0.0471,243763351,0.0541,0.058,265262,178,111368,75,14358,9.62,107,615977985,5756804,6724554,15452514,144416,25080,25080,15427434,3084098,0.005,0.005,0.0251,0.0251,3089112,28870,0.005,0.005
10011,6469,1658433031,9423761973,560196022,3160000320,45974858,443607317,571520344,3632112779,0.3854,0.45,46894794,527566593,35548,34492,20682147,45709673,2715577779,350092287,0.0371,0.0458,468251979,0.0497,0.058,273216,206,105303,79,13576,10.24,658,5468459437,8310729,37732470,110693153,168227,709082,1508513,109184640,21827101,0.004,0.0039,0.0202,0.0194,22128668,33630,0.004,0.0039
10012,2156,826304104,4555806259,216973667,1266938225,10153977,95526898,220716079,1474541338,0.3237,0.45,10328336,109341266,14169,13155,6627811,19165067,1170966042,150960942,0.0331,0.0455,190097869,0.0417,0.058,346317,238,112090,77,14451,9.92,155,788063050,5084278,16561394,28368315,183021,745672,1095058,27273257,5452197,0.0069,0.0074,0.036,0.0374,5671110,36588,0.0072,0.0075
10013,5123,1032575281,5691142670,323587511,1806649677,18826954,206106862,324909395,2042031482,0.3588,0.45,19675597,240572659,16527,15291,15418451,34913855,1599544372,206213260,0.0362,0.0463,263258699,0.0463,0.058,372189,163,133545,58,17217,7.54,40,276933000,6923325,4265901,9653051,241326,479860,939655,8713396,1741895,0.0063,0.0069,0.0349,0.0352,1929741,48244,0.007,0.007
10014,3333,1355480874,5586197223,466615086,1829677375,48962343,191486483,466903427,2116801296,0.3789,0.45,49061256,221154092,22282,21459,12458139,23751717,1637634154,211123795,0.0378,0.0474,272898023,0.0489,0.058,260320,235,98644,89,12717,11.49,4,27033000,6758250,194586,465179,116295,3380,3380,461799,92318,0.0034,0.0032,0.0172,0.0163,92994,23248,0.0034,0.0033
10016,8557,1831954111,8985976855,713973716,3304885801,52621789,311576814,728027964,3722731158,0.4143,0.45,59884594,349265437,39993,38835,47930259,50244664,2992633047,385810252,0.0429,0.051,479934501,0.0534,0.058,231389,179,95860,74,12358,9.55,16,81015000,5063438,963212,2249727,140608,11370,11370,2238357,447470,0.0055,0.0056,0.0278,0.0279,449743,28109,0.0056,0.0056
10017,3338,640454871,2975810094,274110480,1173766947,14151108,67832078,278265518,1317219229,0.4426,0.45,14774664,75274511,13112,12879,15578964,24646884,1105934869,142577123,0.0479,0.0508,169815903,0.0571,0.058,231059,121,102277,53,13185,6.89,307,4827850987,15725899,54662770,138998148,452763,4837482,13771267,125226881,25034106,0.0052,0.0057,0.0288,0.0298,27787120,90512,0.0058,0.006
10018,524,283541337,1669010233,107140920,629992665,42245254,335933875,113411991,701385344,0.4202,0.45,43686158,366103266,7345,7083,3931917,11673750,293963670,37897796,0.0227,0.0285,90422599,0.0542,0.058,235636,143,99024,60,12766,7.75,110,797448719,7249534,16243492,32386922,294427,2238881,3958826,28428096,5683061,0.0071,0.0078,0.0406,0.0413,6474470,58859,0.0081,0.0083
10019,8467,2117477443,9107293202,862407962,3378861012,76252550,700614980,893303741,3909721333,0.4293,0.45,79864967,800289702,40550,39619,88516765,64398438,2673446660,344660743,0.0378,0.0497,504041274,0.0553,0.058,229872,141,98683,61,12722,7.83,123,1446121413,11757085,12315016,33209446,269995,140115,147482,33061964,6609417,0.0046,0.0043,0.023,0.022,6638900,53975,0.0046,0.0044
10020,2,0,0,0,0,0,0,0,0,#DIV/0!,0,0,0,0,0,205972,5164103,0,0,#DIV/0!,0,0,#DIV/0!,0,#DIV/0!,0,#DIV/0!,0,#DIV/0!,0,302,2347511495,7773217,27085545,59353542,196535,379094,677507,58676035,11729926,0.005,0.0047,0.0253,0.0233,11865367,39289,0.0051,0.0047
10021,3740,2067828302,8970125094,858097856,3388886094,49596333,153291044,865414241,3837537804,0.4278,0.45,50725509,169421495,29773,28886,25284367,42130156,3230441333,416468497,0.0464,0.0507,494735374,0.0552,0.058,310535,213,132851,91,17127,11.74,173,988281951,5712612,8928355,20386092,117839,101953,101953,20284139,4055002,0.0041,0.0038,0.0206,0.0191,4075384,23557,0.0041,0.0038
10022,5191,1866548985,8143139699,780459816,3119398153,52702598,115656235,788936904,3536869336,0.4343,0.45,58303370,129513251,47996,47210,24866087,53213086,3000913153,386877724,0.0475,0.0502,455973195,0.056,0.058,172488,153,74918,66,9658,8.57,209,455585493,2179835,2459161,8253502,39490,231650,1583074,6670428,1333485,0.0029,0.003,0.0181,0.0189,1649958,7895,0.0036,0.0038
10023,8622,2891598397,11640923771,1123045834,4247980345,73269271,391168801,1158263534,4896243592,0.4206,0.45,87727596,468713986,44252,43631,54831661,65736667,3855220907,497015079,0.0427,0.0501,631223724,0.0542,0.058,266804,177,112219,74,14467,9.6,592,1176461349,1987266,6999869,24547401,41465,593869,3968311,20579090,4113966,0.0035,0.003,0.0209,0.0204,4907271,8289,0.0042,0.0041
10024,4702,2364052818,8952898149,865948028,3082306494,52838667,176145393,872429950,3505932067,0.3916,0.45,54051198,191489556,36721,35495,11937931,47812847,2905507496,374578026,0.0418,0.0486,451984762,0.0505,0.058,252230,187,98773,73,12734,9.45,201,2029800039,10098508,24796674,59894871,297984,1479308,2666905,57227966,11440443,0.0056,0.0054,0.0295,0.0274,11973584,59570,0.0059,0.0055
10025,7041,1510540245,7408995500,606397571,2641686763,135994280,578686972,605789735,3132291686,0.4228,0.45,136131556,683065654,48644,47892,124674645,61124629,2062731434,265927336,0.0359,0.0483,403815044,0.0545,0.058,154702,121,65403,51,8432,6.61,124,191199388,1541931,1714502,4123983,33258,110707,268508,3855475,770748,0.004,0.0036,0.0216,0.0186,824425,6649,0.0043,0.0037
10026,3222,355584525,1719929589,116789531,605619551,59009177,414578629,122480881,710489722,0.4131,0.45,62064580,492654595,22557,22231,12070745,20910789,190503511,24559713,0.0143,0.0068,91596335,0.0533,0.058,77366,82,31959,34,4120,4.38,325,511548324,1573995,3881876,11083343,34103,505341,1446278,9637065,1926546,0.0038,0.0033,0.0217,0.0193,2215671,6817,0.0043,0.0039
10027,1932,428744344,2289080046,128969120,805715217,68864389,494140973,134329092,932742233,0.4075,0.45,70934562,566429751,27341,26758,7592869,26318561,311375783,40142566,0.0175,0.0103,120249129,0.0525,0.058,85548,87,34858,35,4494,4.57,466,863835111,1853723,4981068,15383666,33012,463536,1038526,14345140,2867737,0.0033,0.0032,0.0178,0.0166,3075349,6599,0.0036,0.0033
10028,3095,1805744415,8053988206,728549594,3011456965,35473926,116956085,729186376,3410583576,0.4235,0.45,36389659,130120248,31377,30362,8756967,39122736,2886183437,372086769,0.0462,0.0496,439692435,0.0546,0.058,265265,206,112331,87,14482,11.24,183,242684000,1326142,2044945,5495012,30027,227429,499118,4995894,998729,0.0041,0.0042,0.0226,0.0222,1098508,6003,0.0045,0.0044
10029,1943,721364494,3757190819,253699633,1295780563,173216009,828932558,265595359,1537863135,0.4093,0.45,176931719,989222123,35218,34251,11460969,33782538,465597970,60024890,0.016,0.0228,198261315,0.0528,0.058,109696,111,44900,46,5788,5.87,52,43815000,842596,770608,1353607,26031,81366,141708,1211899,242271,0.0055,0.0054,0.0309,0.0286,270600,5204,0.0062,0.0057
10030,1315,236540387,976233383,69750588,324439953,34668546,204480732,71060968,381302077,0.3906,0.45,34782080,241246545,13315,12960,3648718,11849071,119746142,15437673,0.0158,0.0098,49157464,0.0504,0.058,75327,82,29421,32,3793,4.15,31,27189000,877065,721351,1041558,33599,69093,78362,963196,192553,0.0071,0.0081,0.0383,0.0434,208218,6717,0.0077,0.0087
10031,1646,245005350,1626857019,77027528,549165525,25001736,182867726,78907071,654135960,0.4021,0.45,25248122,223559776,23254,22582,6574825,21842584,365796169,47158442,0.029,0.0403,84331208,0.0518,0.058,72042,74,28967,30,3734,3.86,290,443914250,1530739,4301319,11502287,39663,354473,3594875,7907412,1580771,0.0036,0.0033,0.0259,0.0278,2299422,7929,0.0052,0.0056
10032,1156,212777465,1451840006,82524467,520549450,21064779,127472270,85559532,631773573,0.4352,0.45,21939491,153437729,21884,21298,9345097,21750269,392465901,50596704,0.0349,0.0451,81448249,0.0561,0.058,68168,67,29664,29,3824,3.74,32,179710000,5615938,1919780,4940500,154391,9300,9300,4931200,985796,0.0055,0.0054,0.0275,0.0268,987655,30864,0.0055,0.0054
10033,729,180753428,1384767989,74777081,529639632,6900107,35510494,79329721,618148041,0.4464,0.45,7113652,42682979,20713,20037,4984726,20260918,492747312,63524983,0.0459,0.0466,79691645,0.0575,0.058,69111,68,30850,31,3977,3.93,49,84180000,1717959,612428,1822230,37188,47374,281454,1540776,308017,0.0037,0.0031,0.0216,0.0197,364282,7434,0.0043,0.0039
10034,429,110340996,951721002,48143342,364193556,9635549,57768120,48573544,425752186,0.4473,0.45,9918302,68556173,16080,15734,3885247,13876970,306170916,39471554,0.0415,0.0469,54887972,0.0577,0.058,60488,69,27059,31,3488,3.96,13,72421000,5570846,1098854,2153207,165631,13440,13440,2139767,427761,0.0059,0.0055,0.0297,0.0278,430448,33111,0.0059,0.0056
10035,1133,273918162,1317405393,83222311,447356771,47572792,319156217,89601303,514012064,0.3902,0.45,48900519,366559694,15630,15189,4703317,14245727,127259925,16406350,0.0125,0.0045,66266435,0.0503,0.058,86734,92,33841,36,4363,4.65,1,1386000,1386000,14195,29631,29631,0,0,29631,5924,0.0043,0.0043,0.0214,0.0214,5924,5924,0.0043,0.0043
10036,3014,897769816,4760586843,302198859,1668894243,83826300,770985016,350408211,1949199790,0.4094,0.45,116846664,926207500,22650,22207,10308459,36152118,892282181,115033019,0.0242,0.0401,251290837,0.0528,0.058,214373,132,87774,54,11316,6.95,9,7575000,841667,115362,221042,24560,4650,4650,216392,43259,0.0057,0.0061,0.0292,0.031,44189,4910,0.0058,0.0062
10037,448,141292823,875704431,47442734,316903564,33932167,232052180,52646939,375983909,0.4294,0.45,35178721,274654297,10844,10728,3922059,9633668,84846904,10938463,0.0125,0.0119,48471846,0.0554,0.058,81628,91,35047,39,4518,5.03,310,4307958536,13896640,52410112,136290037,439645,4293153,13687760,122602277,24509421,0.0057,0.0065,0.0316,0.0326,27245741,87889,0.0063,0.0065
10038,1623,496906497,2486380141,210151563,923621701,49441957,317364689,211914672,1080506309,0.4346,0.45,49957006,372832879,12072,11785,4337890,19411291,604509658,77933385,0.0313,0.0493,139298873,0.056,0.058,210978,128,91685,56,11820,7.18,149,2128217563,14283339,21913736,58768389,394419,747495,2083950,56684439,11331786,0.0053,0.0056,0.0276,0.0283,11748389,78848,0.0055,0.0056
10039,635,144328985,811723833,57621489,306723843,44862804,244905901,58954729,355977231,0.4385,0.45,45711352,284427614,12155,11920,10814503,13211690,60641012,7817839,0.0096,0.0051,45892585,0.0565,0.058,68098,61,29864,27,3850,3.47,289,2638587266,9130060,29701745,74701915,258484,1092103,2151588,72550327,14503536,0.0055,0.0059,0.0283,0.0298,14933660,51674,0.0057,0.006
10040,458,126324694,976776992,50394315,371592884,5737999,44973901,56337881,438974769,0.4494,0.45,5808368,54365429,16372,15970,3958885,14773017,326338065,42071503,0.0431,0.0494,56592627,0.0579,0.058,61163,66,27487,30,3544,3.83,1,7421000,7421000,126965,294900,294900,0,0,294900,58953,0.0079,0.0079,0.0397,0.0397,58953,58953,0.0079,0.0079
10041,1,0,0,0,0,0,0,0,0,#DIV/0!,0,0,0,0,0,160692,3678000,0,0,#DIV/0!,0,0,#DIV/0!,0,#DIV/0!,0,#DIV/0!,0,#DIV/0!,0,6971,3454559452,495562,83909046,176018076,25250,14711095,16637227,159380849,31861826,0.0092,0.0099,0.051,0.0533,35187774,5048,0.0102,0.0106
10044,587,403828255,1491464392,180949906,606795724,180949891,606795677,181722720,671158984,0.45,0.45,181722705,671158937,11962,11875,5251122,9213711,47,6,0,0,86525816,0.058,0.058,125597,162,56519,73,7286,9.39,4147,1456499286,351218,34790771,77874952,18779,6790061,8207201,69667751,13927280,0.0096,0.0102,0.0535,0.0551,15567982,3754,0.0107,0.011
10065,4503,1795412698,7121662364,752025428,2716558711,29538885,129554404,753325591,3058010947,0.4294,0.45,30362333,139607098,22840,22056,10396737,37144883,2585448957,333316080,0.0468,0.0515,394238771,0.0554,0.058,322890,192,138648,82,17874,10.61,5673,1704301234,300423,36836473,92684024,16338,7721006,9116443,83567581,16705995,0.0098,0.0105,0.0544,0.0567,18528463,3266,0.0109,0.0113
10069,2132,200308655,1811697003,82621689,695215991,8358660,256376283,90138945,815263735,0.45,0.45,15905135,301324651,4615,4592,10357661,9822318,438839708,56575215,0.0312,0.0401,105103801,0.058,0.058,394533,184,177540,83,22888,10.7,9200,4839910844,526077,96579528,246631498,26808,17104265,20760975,225870523,45153776,0.0093,0.0103,0.051,0.0553,49304103,5359,0.0102,0.011
10075,2984,1123605166,4951653295,459107764,1853689018,18341791,81097208,461138080,2103702445,0.4248,0.45,19171908,95609513,18409,17884,11222241,23363935,1766469158,227733204,0.046,0.0504,271209319,0.0548,0.058,276876,212,117630,90,15165,11.61,11000,4417521468,401593,89044406,232269617,21115,20472820,25141602,207128015,41406961,0.0094,0.0102,0.0526,0.0556,46433019,4221,0.0105,0.0111
10103,1,0,0,0,0,0,0,0,0,#DIV/0!,0,0,0,0,0,61755,1329229,0,0,#DIV/0!,0,0,#DIV/0!,0,#DIV/0!,0,#DIV/0!,0,#DIV/0!,0,17102,7731794362,452099,159388581,402298169,23523,44514056,55125551,347172618,69403278,0.009,0.01,0.052,0.0553,80423427,4703,0.0104,0.011
10162,1,20500000,110534000,9225000,35844660,0,0,9225000,49740300,0.45,0.45,0,0,427,427,34500,530809,35844660,4621094,0.0418,0.0418,6412519,0.058,0.058,258862,208,116488,94,15018,12.08,4204,2462233935,585688,47389327,127531883,30336,8110416,9833185,117698698,23529147,0.0096,0.0102,0.0518,0.0542,25494899,6064,0.0104,0.0108
10271,1,0,0,0,0,0,0,0,0,#DIV/0!,0,0,0,0,0,49614,1736513,0,0,#DIV/0!,0,0,#DIV/0!,0,#DIV/0!,0,#DIV/0!,0,#DIV/0!,0,8561,3957978170,462327,82137665,216536498,25293,21664372,26801177,189735321,37929988,0.0096,0.0104,0.0547,0.0567,43287811,5056,0.0109,0.0113
10280,3363,277393280,1529667022,124802775,596100362,124802775,596052303,124826988,688350236,0.45,0.45,124826988,688288346,5485,5473,2393303,9962892,48059,6196,0,0,88742112,0.058,0.058,279493,154,125772,69,16215,8.91,10211,5581361153,546603,112381100,297102421,29096,24113100,29204773,267897648,53555419,0.0096,0.0107,0.0532,0.0573,59393745,5817,0.0106,0.0115
10282,449,71491381,1123026004,31324836,418697412,31324836,418697412,32171119,505361702,0.45,0.45,32171119,505361702,3166,3154,312436,5718138,0,0,0,0,65151231,0.058,0.058,356064,196,160229,88,20657,11.39,5723,2336081005,408192,61221755,124739136,21796,10275283,11820199,112918937,22573625,0.0097,0.0102,0.0534,0.0545,24936601,4357,0.0107,0.0109
10128,5627,1794414353,8441284383,727687026,3138049341,68371918,246896793,734354998,3584891973,0.4247,0.45,69081527,279340298,36345,35506,28350232,48733044,2889151277,372469383,0.0441,0.0517,462164273,0.0548,0.058,237742,173,100966,74,13017,9.48,19860,9843465405,495643,203592351,534172577,26897,53362009,64660418,469512159,93860176,0.0095,0.0106,0.0543,0.0572,106786440,5377,0.0108,0.0114
10129,13,5645564,60898998,2513835,22807225,219124,574374,2540506,27404551,0.45,0.45,230130,659140,201,191,34565,382157,22232851,2866259,0.0471,0.0431,3532995,0.058,0.058,318843,159,143479,72,18497,9.24,23769,11057906823,465224,223041643,577202061,24284,53960176,67312707,509889354,101931981,0.0092,0.0104,0.0522,0.0561,115388464,4855,0.0104,0.0112
10301,879,117868053,425002985,34817290,138472444,11241514,31932360,41009718,155074957,0.3649,0.45,13712419,35809113,7399,7318,12355622,7871397,106038334,13670462,0.0322,0.047,19992263,0.047,0.058,58076,54,21191,20,2732,2.54,532,205100133,385527,3956085,8490400,15959,1875903,4536129,3954271,790498,0.0039,0.0035,0.0414,0.0299,1697316,3190,0.0083,0.006
10302,91,18162000,59099001,4682264,15733640,550000,2420841,5312624,16816252,0.2845,0.2062,770860,2621859,938,886,894772,751585,13277969,1711796,0.029,0.0217,2167951,0.0367,0.0266,66703,79,18980,22,2447,2.88,598,260845567,436197,3299766,8209682,13729,723614,1886524,6323158,1264063,0.0048,0.0043,0.0315,0.0246,1641198,2744,0.0063,0.0049
10303,77,31511000,77877000,11458661,25736039,8816456,18944261,12488801,30208136,0.3879,0.1963,9867566,23017247,1749,1725,3583715,2890425,6790752,875464,0.0112,0.0201,3894433,0.05,0.0253,45146,27,17512,10,2258,1.35,1200,517030540,430859,8551542,20309912,16925,1345343,2605220,17704692,3539345,0.0068,0.0066,0.0393,0.0374,4060155,3383,0.0079,0.0075
10304,481,78514632,311367457,23356815,107621562,7477715,58307248,27982345,122598828,0.3937,0.45,10200338,68299578,6016,5928,22754302,5921568,49198862,6342717,0.0204,0.0507,15805441,0.0508,0.058,52525,53,20681,21,2666,2.67,790,298208133,377479,4414365,12410785,15710,826791,2580446,9830339,1965183,0.0066,0.0064,0.0416,0.0457,2481040,3141,0.0083,0.0091
10305,488,50532744,161918331,16599181,50654653,6527849,19143630,19083653,64052541,0.3956,0.45,7861451,27012983,2970,2918,12742044,3287446,31488535,4059502,0.0251,0.0496,8257654,0.051,0.058,55489,49,21951,19,2830,2.51,952,372681291,391472,6233227,15986609,16793,932965,3377365,12609244,2520714,0.0068,0.0061,0.0429,0.0427,3195883,3357,0.0086,0.0085
10306,501,52756013,157898496,17038547,50738679,2746551,7931187,20112317,62554952,0.3962,0.45,2770043,8300089,2995,2943,11503467,3371270,42802880,5518147,0.0349,0.0502,8064584,0.0511,0.058,53652,47,21256,19,2740,2.39,1860,690379703,371172,8932313,25305248,13605,1733488,6325182,18980066,3794305,0.0055,0.0052,0.0367,0.0331,5058772,2720,0.0073,0.0066
10307,20,3344000,8916330,933031,2530367,148957,377220,972541,2926689,0.3282,0.2598,150398,370793,105,89,342778,208425,2151706,277398,0.0311,0.018,377309,0.0423,0.0335,100183,43,32884,14,4239,1.81,1658,680971092,410718,10355042,26792979,16160,1772155,4907264,21885715,4375173,0.0064,0.0065,0.0393,0.0406,5356184,3231,0.0079,0.0081
10308,145,8529697,22675809,2951665,7649413,511318,1350533,3004320,8816076,0.3888,0.45,521750,1519934,385,377,1641051,1042573,6298880,812052,0.0358,0.0386,1136569,0.0501,0.058,60148,22,23385,8,3015,1.09,1375,584590303,425157,9440463,25829382,18785,1399004,2719192,23110190,4619958,0.0079,0.0082,0.0442,0.0443,5163552,3755,0.0088,0.0089
10309,14,636000,2507000,135738,699173,35913,335233,135738,699173,0.2789,0,35913,335233,20,18,1746366,1277275,363940,46919,0.0187,0,90137,0.036,0,139278,2,38843,1,5008,0.07,1820,671867642,369158,12183510,30340593,16671,1929132,4909612,25430981,5083907,0.0076,0.0079,0.0452,0.05,6065388,3333,0.009,0.01
10310,166,32853999,83622995,10329205,26868031,5442202,13885696,11510475,30246152,0.3617,0.3641,6232600,16214719,1776,1738,3360794,1586892,12963975,1671316,0.02,0.0385,3899334,0.0466,0.0469,48114,53,17403,19,2244,2.46,1854,767556600,414000,13745577,37034907,19976,1963185,5240577,31794330,6356005,0.0083,0.0092,0.0483,0.0529,7403648,3993,0.0096,0.0106
10312,109,5354980,13340128,1321106,3857714,86155,322539,1321106,4341813,0.3255,0.45,86456,346435,205,198,1629466,944339,3535175,455755,0.0342,0.0386,559747,0.042,0.058,67374,14,21928,5,2827,0.59,4292,2061872236,480399,40288721,112548598,26223,8570778,12412046,100136552,20018298,0.0097,0.0105,0.0546,0.056,22499590,5242,0.0109,0.0112
10314,1213,38988531,135592968,14146122,53719876,4746077,17861496,15886279,57082668,0.421,0.45,5060067,15315696,2555,2531,73357986,7822093,35836780,4620078,0.0341,0.0502,7359098,0.0543,0.058,53573,17,22553,7,2908,0.94,3683,1655038968,449373,31669806,89498686,24300,5712015,8385085,81113601,16215420,0.0098,0.0104,0.0541,0.0553,17891682,4858,0.0108,0.011
10451,452,77902231,902301148,31685402,344630348,21019816,245065398,32932063,389253253,0.4314,0.45,21325177,270406943,19724,19323,8440605,21013093,99157511,12783386,0.0142,0.003,50182529,0.0556,0.058,46696,43,20145,19,2597,2.39,1798,1202234719,668651,22269277,54328118,30216,5458815,7098015,47230103,9441770,0.0079,0.0087,0.0452,0.0469,10860734,6040,0.009,0.0094
10452,540,90511808,1001851828,35683125,375175290,13413479,143739292,38864637,434532422,0.4337,0.45,14098536,173569178,26354,25927,6797430,25596632,223088323,28760547,0.0287,0.0197,56019920,0.0559,0.058,38641,39,16760,17,2161,2.19,1493,699831446,468742,15060146,36475884,24431,2684788,3439453,33036431,6604313,0.0094,0.0101,0.0521,0.0553,7291894,4884,0.0104,0.0111
10453,563,96773076,1039092445,37535289,387746687,14959220,173719183,40615992,453929404,0.4369,0.45,17065160,211996150,37792,37485,7113824,25485841,210495390,27137066,0.0261,0.041,58520579,0.0563,0.058,27720,41,12110,18,1561,2.3,2377,1293336639,544105,27441078,69712140,29328,6643087,8850474,60861666,12166856,0.0094,0.0105,0.0539,0.0576,13936154,5863,0.0108,0.0115
10454,378,52075929,709469037,18038148,254051274,13373461,200746765,18254955,285402093,0.4023,0.45,13368774,224210095,13425,13117,3908071,13635239,52831163,6810994,0.0096,0.0091,36794038,0.0519,0.058,54088,52,21758,21,2805,2.7,5,24812000,4962400,514803,514803,102961,514803,514803,0,0,0,0,0.0207,0.0224,102914,20583,0.0041,0.0045
10455,425,65157476,622398687,21906516,218769895,14159868,157742206,26444858,253789316,0.4078,0.45,16866108,182014354,14092,13786,3934326,12898554,60246977,7767040,0.0125,0.0112,32718519,0.0526,0.058,45147,48,18409,20,2373,2.54,3226,1472622876,456486,26638139,75957395,23545,4030295,7182310,68775085,13748827,0.0093,0.0099,0.0516,0.0524,15184643,4707,0.0103,0.0105
10456,804,115030112,1143378082,43503861,417877812,24784662,267536435,45775935,479280982,0.4192,0.45,26703097,310130805,27694,27262,8624516,27812102,144823347,18670626,0.0163,0.0108,61788904,0.054,0.058,41940,41,17581,17,2266,2.22,749,356160600,475515,5637687,15100375,20161,975694,1890466,13209909,2640793,0.0074,0.008,0.0424,0.0424,3018716,4030,0.0085,0.0085
10457,660,92920933,1011055063,33522705,364064315,16262796,155092936,36184347,415894278,0.4113,0.45,17874363,176534081,23325,22961,5713321,21295947,206990802,26685254,0.0264,0.0222,53617090,0.053,0.058,44034,47,18113,20,2335,2.52,20240,8749025294,432264,168982915,474810719,23459,30826188,44167010,430643709,86089984,0.0098,0.0105,0.0543,0.0558,94919411,4690,0.0108,0.0112
10458,953,134819336,1199029560,38239535,400504385,8435724,91227043,52406923,467278685,0.3897,0.45,9503868,102274466,26492,25910,6634953,25204010,308469593,39767900,0.0332,0.0412,60241568,0.0502,0.058,46277,48,18035,19,2325,2.39,1077,516982200,480021,10286996,28935819,26867,2003962,2741492,26194327,5236508,0.0101,0.0108,0.056,0.0576,5784560,5371,0.0112,0.0115
10459,654,81870480,675894449,29246799,237669737,18326299,145791917,32279416,270082561,0.3996,0.45,20394181,166632145,14600,14195,4967069,15587321,90623363,11683164,0.0173,0.0083,34819044,0.0515,0.058,47615,43,19027,17,2453,2.23,2237,2211371524,988543,38842491,107248320,47943,5160235,6838195,100410125,20072988,0.0091,0.0098,0.0485,0.0519,21440012,9584,0.0097,0.0104
10460,608,98707223,823761625,33368231,302773217,15124070,161786047,36020893,339262711,0.4118,0.45,16879153,180162628,18323,17974,5218195,16642248,140154985,18068781,0.0219,0.023,43737749,0.0531,0.058,45831,49,18875,20,2433,2.63,3095,1362073534,440088,25986033,74340364,24020,4491555,7362311,66978053,13389583,0.0098,0.0107,0.0546,0.0571,14861382,4802,0.0109,0.0114
10461,731,96294671,541761862,26821553,168412589,2706555,18262623,27296204,188148439,0.3473,0.2799,2809305,19915222,9675,9371,4846743,9831055,149767826,19308068,0.0356,0.0276,24256097,0.0448,0.0361,57813,55,20078,19,2588,2.47,5308,2148854680,404833,37578664,107021818,20162,8769591,19569066,87452752,17482680,0.0081,0.0099,0.0498,0.0554,21394732,4031,0.01,0.0111
10462,12775,127788505,1157853891,40509680,429587237,4444419,174548458,42136236,483578306,0.4177,0.45,4548891,186624585,25163,24874,11262040,62968857,254588010,32821486,0.0283,0.0176,62342915,0.0538,0.058,46549,18,19441,8,2506,0.99,355,164325550,462889,1962757,5558464,15658,380649,1227944,4330520,865714,0.0053,0.0054,0.0338,0.0298,1111193,3130,0.0068,0.006
10463,1030,252768291,1629211240,95528725,633184258,35461015,178213038,110794684,722966548,0.4438,0.45,42311639,199513292,27600,27391,14201426,32055006,454561891,58602119,0.036,0.0398,93204847,0.0572,0.058,59480,51,26394,23,3403,2.91,218,118859351,545226,3416031,6168038,28294,1941102,2099717,4068321,813298,0.0068,0.0108,0.0519,0.06,1233052,5656,0.0104,0.012
10464,59,6414999,32569999,2432040,9821995,1109808,2921423,2432040,10222884,0.3139,0.3114,1111112,3033669,450,434,1138211,600390,6900572,889622,0.0273,0.0369,1317934,0.0405,0.0401,75046,54,23555,17,3037,2.2,67,44001160,656734,1247603,2484372,37080,394931,419825,2064547,412724,0.0094,0.0113,0.0565,0.06,496651,7413,0.0113,0.012
10465,286,49070318,191532001,16130369,65784651,10019012,40251626,18237089,73470548,0.3836,0.45,12127588,45799130,3456,3416,5297419,4571265,25441922,3279973,0.0171,0.0417,9471823,0.0495,0.058,56069,42,21508,16,2773,2.07,1225,714064373,582910,16983858,36055284,29433,2854607,3239183,32816101,6560267,0.0092,0.0096,0.0505,0.0512,7207812,5884,0.0101,0.0102
10466,461,97545010,475688010,32151413,163400155,11583555,62134629,32579825,185171982,0.3893,0.28,11635726,71169468,9409,9284,5407503,8324515,100698273,12982021,0.0273,0.0329,23872372,0.0502,0.0361,51237,57,19945,22,2571,2.87,2414,1525975037,632135,37722554,81329353,33691,6368698,7377739,73951614,14783667,0.0097,0.0101,0.0533,0.0539,16258551,6735,0.0107,0.0108
10467,1201,183635639,1372600004,63356156,503402675,17048544,142174306,65376198,562701479,0.41,0.45,17928443,150171073,44351,43967,30453170,31082893,359089611,46293833,0.0337,0.0412,72543475,0.0529,0.058,31219,44,12798,18,1650,2.33,573,353784043,617424,8909615,18806876,32822,1430875,1677150,17129726,3424404,0.0097,0.0101,0.0532,0.0539,3759683,6561,0.0106,0.0108
10468,636,108079035,1012723011,33083337,380120035,5700070,64616941,45226867,439091255,0.4336,0.45,6892262,72653176,24712,24304,6928906,25002703,314466244,40540988,0.04,0.0471,56607645,0.0559,0.058,41669,41,18067,18,2329,2.26,812,646157671,795761,10230444,24618646,30319,1463675,2022556,22596090,4517184,0.007,0.0069,0.0381,0.0365,4921514,6061,0.0076,0.0073
10469,236,61466010,277192443,17060155,83847800,7213828,43144706,17211299,92973106,0.3354,0.1671,7364972,48403168,17505,17418,2788846,4298022,40599900,5234139,0.0189,0.0203,11986093,0.0432,0.0215,15914,64,5338,22,688,2.79,1869,1675193686,896305,18385882,62145311,33251,3340496,6146532,55998779,11194716,0.0067,0.0071,0.0371,0.038,12423469,6647,0.0074,0.0076
10470,165,27469010,172210010,8598247,58020623,1320389,7383794,8929087,63440590,0.3684,0.2522,1346980,7355583,3240,3159,1059740,2950810,50422179,6500427,0.0377,0.0323,8178761,0.0475,0.0325,54514,58,20082,21,2589,2.77,2902,2730540805,940917,27217153,107079780,36899,4994743,8795639,98284141,19647983,0.0072,0.0076,0.0392,0.0401,21406319,7376,0.0078,0.008
10471,354,104558189,494447062,43177884,192709918,9513535,23840048,45590904,218533717,0.442,0.45,10102047,25481647,7859,7825,7228302,8624955,168869870,21770704,0.044,0.0495,28173367,0.057,0.058,63188,57,27928,25,3600,3.27,1339,1142856499,853515,10736094,43036286,32141,2481287,3728667,39307619,7857986,0.0069,0.0071,0.0377,0.0381,8603384,6425,0.0075,0.0076
10472,957,206923833,840236683,52440163,251909689,16634435,84717983,53108545,282857096,0.3366,0.1889,17112255,99445022,28577,28335,8329958,15272182,166947806,21522911,0.0256,0.0236,36465937,0.0434,0.0244,29654,55,9983,19,1287,2.39,4604,4133516040,897810,40819185,159475709,34639,8843509,15486509,143989200,28784881,0.007,0.0073,0.0386,0.0386,31880789,6925,0.0077,0.0077
10473,299,100963648,508327236,38650361,194808458,27415709,139560490,42466131,218749115,0.4303,0.45,29467463,156767628,12381,12340,9495492,13412568,55247968,7122568,0.014,0.0363,28201136,0.0555,0.058,41193,38,17727,16,2285,2.1,1955,1684446310,861609,17730385,65934601,33726,2984252,5678169,60256432,12045863,0.0072,0.0075,0.0391,0.0397,13180986,6742,0.0078,0.0079
10474,130,15742930,138757000,4823805,46446685,1463395,25792742,5207587,54892430,0.3956,0.45,1578620,31027589,3293,3229,856448,3103715,20469830,2638970,0.019,0.0167,7076732,0.051,0.058,42972,45,17000,18,2192,2.28,1471,5159588672,3507538,23401215,99833104,67868,1530452,2724409,97108695,19412999,0.0038,0.0038,0.0193,0.0193,19957636,13567,0.0039,0.0039
10475,19,94020000,699300140,41488905,284120761,40210136,278004912,41450638,313244278,0.4479,0.45,40175059,306601609,16545,16496,8028418,20374403,6115849,788455,0.0011,0.0008,40383452,0.0577,0.058,42392,34,18989,15,2448,1.98,9504,4518986342,475483,116615920,219320527,23077,17735112,20571206,198749321,39731977,0.0088,0.0093,0.0485,0.0495,43844367,4613,0.0097,0.0099
10803,0,0,0,0,0,0,0,0,0,#DIV/0!,#NUM!,0,0,0,0,0,0,0,0,#DIV/0!,#NUM!,0,#DIV/0!,#NUM!,#DIV/0!,#DIV/0!,#DIV/0!,#DIV/0!,#DIV/0!,#DIV/0!,8462,8069713644,953641,97169542,298582333,35285,18088461,31187809,267394524,53454839,0.0066,0.0068,0.037,0.0366,59689594,7054,0.0074,0.0073
11001,3,1338000,3637000,392734,1069206,0,0,392734,1215916,0.3343,0.082,0,0,45,43,81492,42155,1069206,137842,0.0379,0.0106,156756,0.0431,0.0106,84581,86,28277,29,3645,3.72,1609,2106482836,1309188,11756590,39469877,24531,2041115,5143292,34326585,6862228,0.0033,0.003,0.0187,0.0164,7890423,4904,0.0037,0.0033
11004,23,47553000,180314398,21105495,70795922,4739481,23844091,21105495,80554532,0.4467,0.45,4922511,28052268,2680,2673,5000881,2029455,46946465,6052338,0.0336,0.0322,10385090,0.0576,0.058,67458,89,30136,40,3885,5.12,2214,1630699766,736540,14008374,44048300,19895,2142889,7359986,36688314,7334361,0.0045,0.0038,0.027,0.0258,8805696,3977,0.0054,0.0052
11005,1,211415000,347424000,95136750,141934498,16033271,16033271,95136750,156340800,0.45,0.45,17274897,17274897,1866,1844,4228300,3750565,125901227,16231186,0.0467,0.0467,20155456,0.058,0.058,188408,93,84784,42,10930,5.37,8759,4593520337,524434,64085228,147581230,16849,14973255,27166749,120414481,24072059,0.0052,0.005,0.0321,0.0333,29502964,3368,0.0064,0.0067
11040,3,3200000,13116000,1440000,5303790,671748,671748,1440000,5902200,0.45,0.45,699852,699852,208,208,303343,167090,4632042,597163,0.0455,0.0456,760912,0.058,0.058,63058,78,28376,35,3658,4.55,9581,4546869120,474571,84438979,183249403,19126,10932849,18890074,164359329,32857073,0.0072,0.0078,0.0403,0.0427,36633388,3824,0.0081,0.0085
11101,2669,204366830,1650670871,60687445,584192470,19696887,430641310,77478204,664470873,0.4025,0.45,23848346,484563509,20241,19870,18668453,18036079,153289004,19762018,0.012,0.0053,85663585,0.0519,0.058,83074,92,33441,37,4311,4.75,7558,7555096462,999616,91400185,304591687,40301,15000672,24466554,280125133,55999815,0.0074,0.0077,0.0403,0.0405,60890924,8056,0.0081,0.0081
11102,1937,181580284,1123988856,56571026,339522689,15822741,122500550,58347763,382592696,0.3404,0.45,16772501,135093297,11293,10990,5677566,10306735,216848342,27956088,0.0249,0.0235,49323850,0.0439,0.058,102274,109,34813,37,4488,4.79,7876,5911267920,750542,105943040,253525578,32190,13668970,16626033,236899545,47358588,0.008,0.0084,0.0429,0.0445,50682298,6435,0.0086,0.0089
11103,1366,198741639,1065670073,53334892,261270823,5304698,36102552,53610489,294976292,0.2768,0.1801,5263396,37372849,11014,10623,3907294,8330457,225028581,29010685,0.0272,0.0183,38028344,0.0357,0.0232,100317,128,27768,35,3580,4.56,2695,2985491645,1107789,17821862,63298059,23487,2592789,5893088,57404971,11475828,0.0038,0.0035,0.0212,0.0211,12653915,4695,0.0042,0.0042
11104,875,83073336,770440612,33583613,262273595,2090537,10357016,33870869,308121293,0.3999,0.45,2225940,11356296,10565,10427,6382816,9109727,251914419,32476807,0.0422,0.047,39722997,0.0516,0.058,73889,85,29550,34,3810,4.36,3985,1733703640,435057,45301105,72116712,18097,6739035,10021066,62095646,12413541,0.0072,0.0088,0.0416,0.0497,14416852,3618,0.0083,0.0099
11105,826,165001251,664146162,48941419,205124204,5269275,23519552,49154662,227737829,0.3429,0.3846,5309690,24525203,7610,7369,3491098,6787771,181601232,23412031,0.0353,0.0275,29359961,0.0442,0.0496,90127,98,30905,34,3984,4.33,3748,2906849624,775574,37717583,85924413,22925,6078937,10023788,75900625,15173294,0.0052,0.0053,0.0296,0.0294,17177149,4583,0.0059,0.0059
11106,1244,198378052,1220174800,70157206,387261109,25463609,120605443,72217487,444910476,0.3646,0.45,25510606,131372915,15503,15260,10163972,12789516,266481546,34354801,0.0282,0.0184,57357859,0.047,0.058,79959,95,29155,35,3759,4.48,8585,7025544460,818351,81494335,282899443,32953,17419345,44005005,238894438,47757387,0.0068,0.0072,0.0403,0.0412,56554428,6588,0.008,0.0082
11109,196,62201359,928966005,24007633,365089559,24007633,365089559,27977252,418006991,0.45,0.45,27977252,418006991,4372,4325,1119968,5137402,0,0,0,0,53889461,0.058,0.058,214790,181,96649,81,12460,10.49,6256,12388670436,1980286,44433152,186845485,29867,7311677,11568198,175277287,35039682,0.0028,0.0026,0.0151,0.014,37352281,5971,0.003,0.0028
11201,6114,774453557,5182009363,259187302,1667858795,65918904,725559093,265313073,1953405933,0.377,0.45,66873088,856633145,37044,36417,26204943,49136962,939232044,121085795,0.0234,0.014,251833093,0.0486,0.058,142296,105,53640,40,6915,5.13,3847,3558155725,924917,22842946,74187296,19284,4043209,9518975,64668321,12927844,0.0036,0.0034,0.0208,0.0189,14830782,3855,0.0042,0.0038
11203,1077,127552089,781009461,36787746,239347155,11383514,64552384,45157796,276204789,0.3537,0.3627,11620088,74967231,12548,12149,5134528,11246552,174780251,22532670,0.0289,0.0345,35608321,0.0456,0.0468,64286,69,22735,25,2931,3.17,2448,5455426051,2228524,20117141,84894091,34679,2905088,5192092,79701999,15933227,0.0029,0.0027,0.0156,0.0147,16971178,6933,0.0031,0.0029
11204,2086,250235587,902024200,63932317,237601062,6093385,27496003,64422412,269065561,0.2983,0.2133,6051756,31301407,11844,11418,9324310,12833119,209912428,27061910,0.03,0.022,34687932,0.0385,0.0275,79000,70,23565,21,3038,2.7,5882,5726419680,973550,67039621,165614480,28156,9574839,15352630,150261850,30038846,0.0052,0.0055,0.0289,0.0303,33107991,5629,0.0058,0.0061
11205,3258,290658696,1609884389,72131523,470727459,33367739,254937985,74577890,520973329,0.3236,0.45,33713235,274025832,15238,14848,11001030,19025217,214686555,27677391,0.0172,0.0054,67163882,0.0417,0.058,108424,85,35087,27,4523,3.53,7265,7210679748,992523,102469322,275480439,37919,15179457,28163726,247316713,49441084,0.0069,0.0069,0.0382,0.0377,55071295,7580,0.0076,0.0075
11206,3572,253111431,2109279013,81679748,622482601,52032337,464291042,86229492,713079575,0.3381,0.4056,53889772,536568222,28447,27856,15281383,30057928,157787888,20342015,0.0096,0.0061,91930219,0.0436,0.0523,75721,70,25599,24,3300,3.06,6487,6197570117,955383,63201976,185049382,28526,9546636,14315165,170734217,34131477,0.0055,0.0055,0.0299,0.0292,36993222,5703,0.006,0.0058
11207,2367,159215329,903151045,57338657,269902453,40644097,160409569,57677027,316290230,0.3502,0.45,41412783,194080516,16421,15989,8266969,17189429,108844152,14032188,0.0155,0.0406,40776136,0.0451,0.058,56486,53,19782,18,2550,2.37,6797,5076213223,746831,40600007,117319280,17260,6388425,14879819,102439461,20478673,0.004,0.0034,0.0231,0.0189,23453297,3451,0.0046,0.0038
11208,949,145685357,591009388,50118820,192059806,37820531,120323374,53546060,217535196,0.3681,0.3153,39782019,135979073,13219,12924,8634980,13157452,71722751,9246497,0.0156,0.0346,28044637,0.0475,0.0406,45730,45,16832,17,2170,2.13,2502,2814494865,1124898,15623129,58724857,23471,2912417,4504513,54220344,10839189,0.0039,0.0038,0.0209,0.0208,11739686,4692,0.0042,0.0042
11209,1325,181028438,1579344768,65928302,497015955,10126489,22288012,67126185,585527448,0.3707,0.45,10678811,24607228,20099,19437,10660648,19630130,474706869,61199210,0.0387,0.0286,75486199,0.0478,0.058,81255,80,30124,30,3884,3.85,9204,9178246667,997202,87751863,312940613,34001,17473744,31158149,281782464,56331132,0.0061,0.0069,0.0341,0.0373,62559958,6797,0.0068,0.0075
11210,334,83009678,545530008,32919310,191212260,3344659,15490494,33556714,224162772,0.4109,0.45,3511647,17430224,10724,10569,3329200,10731798,175431114,22616579,0.0415,0.0216,28899065,0.053,0.058,51616,51,21209,21,2734,2.69,2121,1107830777,522315,18767453,46233630,21798,3822309,5390764,40842866,8164897,0.0074,0.0085,0.0417,0.0471,9242565,4358,0.0083,0.0094
11211,4750,387804449,3003158683,103535190,742847226,30795454,349745853,109554434,851220698,0.2834,0.3793,32679131,405513117,24477,23324,12564052,27221159,392644397,50619716,0.0169,0.0065,109739372,0.0365,0.0489,128758,110,36495,31,4705,4.03,3015,2824707159,936885,31932259,79828643,26477,5398313,7717718,72110925,14415695,0.0051,0.0054,0.0283,0.03,15958544,5293,0.0056,0.006
11212,1727,221770614,1173145162,74091473,395545304,38623848,205423226,78917977,473497812,0.4036,0.363,42760070,255005463,23969,23622,11131548,21542987,190032208,24498952,0.0209,0.043,61043338,0.052,0.0468,49663,54,20045,22,2584,2.83,3754,2961671752,788938,48176582,102568679,27323,5676461,7483349,95085330,19008508,0.0064,0.0073,0.0346,0.0394,20504505,5462,0.0069,0.0079
11213,1406,159303530,1313006032,42553922,343863671,11748188,128485804,45765829,415948456,0.3168,0.45,13602576,153823315,18858,18452,7090587,18826131,215129576,27734505,0.0211,0.0142,53624075,0.0408,0.058,71158,70,22542,22,2906,2.85,7635,7054618600,923984,92294700,268734511,35198,18440452,28849443,239885068,47955424,0.0068,0.0072,0.0381,0.0383,53722716,7036,0.0076,0.0077
11214,1769,248647845,1129937262,74918266,335145234,12718928,42520213,75731863,389061624,0.3443,0.2289,12798793,47053281,16581,16263,10647779,16924245,292484536,37707106,0.0334,0.0235,50157825,0.0444,0.0295,69479,67,23923,23,3084,2.96,11377,7497314078,658989,101176931,323915121,28471,22084501,32232745,291682376,58310224,0.0078,0.0083,0.0432,0.0452,64753872,5692,0.0086,0.009
11215,4859,534746309,4013664902,84488860,620716964,18227806,153122397,86445661,692577565,0.1726,0.1745,18438014,175410329,20236,19430,9217583,21724779,466256422,60109778,0.015,0.0077,89287100,0.0222,0.0225,206571,185,35645,32,4595,4.11,6868,7282610052,1060368,113409885,269645947,39261,13353800,17365557,252280390,50433373,0.0069,0.0072,0.037,0.0382,53904921,7849,0.0074,0.0076
11216,2562,161268143,1276522449,42522518,305304934,10403546,99399705,46806547,356146233,0.279,0.318,11227646,120467541,17934,17287,9765329,15431933,204969062,26424611,0.0207,0.0219,45914372,0.036,0.041,73843,83,20602,23,2656,2.98,2900,5138749402,1771983,19307977,81575470,28129,2523841,6436056,75139414,15021120,0.0029,0.0027,0.0159,0.0146,16307752,5623,0.0032,0.0029
11217,2804,399556331,2278890447,70024485,405178746,19699201,147058393,70717187,455498379,0.1999,0.1875,19704273,173672117,16058,15471,6271165,15410805,257374731,33180750,0.0146,0.0122,58722851,0.0258,0.0242,147301,148,29442,30,3796,3.81,1579,1396086228,884158,11415543,33686668,21334,1823516,2729529,30957139,6188642,0.0044,0.0044,0.0241,0.0237,6734302,4265,0.0048,0.0047
11218,1466,182224894,1137376218,57224999,348706430,9249999,44561892,59306136,411015691,0.3614,0.45,11233114,49624608,16773,16457,6478342,17897744,303936947,39183551,0.0345,0.0196,52988143,0.0466,0.058,69112,64,24975,23,3220,2.96,6123,4280086495,699018,44538866,111288567,18175,7202542,21599913,89688654,17929659,0.0042,0.0039,0.026,0.0215,22247697,3633,0.0052,0.0043
11219,2524,237685349,1142200783,62019680,293070581,9323599,60060068,62131201,329063273,0.2881,0.192,9366705,64424340,13527,12986,7797793,16806220,232934935,30029972,0.0263,0.0156,42422837,0.0371,0.0247,87956,68,25340,20,3267,2.52,19024,10891319860,572504,184925311,547854245,28798,34462581,46077593,501776652,100310171,0.0092,0.0094,0.0503,0.0495,109521542,5757,0.0101,0.0099
11220,2558,200526303,1595332330,41018313,307817024,8958308,68693356,41714224,339336648,0.2127,0.172,9040111,76087836,15505,14611,6128654,14119911,238653848,30767254,0.0193,0.0152,43747281,0.0274,0.0222,109187,113,23225,24,2994,3.1,7344,5217426992,710434,78363285,238419828,32465,13420498,23157507,215262321,43033091,0.0082,0.0089,0.0457,0.0471,47662508,6490,0.0091,0.0094
11221,1928,178998362,1091580985,45511442,278506609,21589397,149124771,54676008,318643054,0.2919,0.2087,28272987,178982115,17212,16663,7362244,15229819,128617641,16581386,0.0152,0.0144,41079463,0.0376,0.0269,65509,72,19123,21,2465,2.7,14631,7396849747,505560,144354907,371943743,25422,28219422,34014469,337929274,67555441,0.0091,0.0094,0.0503,0.0481,74355274,5082,0.0101,0.0096
11222,2959,285229321,1973936089,45843314,325897110,6702632,113540181,51950614,368364021,0.1866,0.1292,7702939,124496605,15078,14428,6548796,13277447,212081105,27341496,0.0139,0.0093,47489490,0.0241,0.0167,136813,149,25531,28,3291,3.58,1602,1148897606,717165,8568834,30012033,18734,1420712,3226336,26785697,5354729,0.0047,0.0047,0.0261,0.0257,5999706,3745,0.0052,0.0051
11223,1195,199242080,874965864,68687753,267377922,19866203,60552676,68909343,310657321,0.3551,0.3663,19585377,72753070,12549,12198,7424651,12360420,206768126,26656547,0.0305,0.016,40049942,0.0458,0.0472,71730,71,25468,25,3283,3.24,2768,4215470064,1522930,20301584,72152116,26067,3127022,7308483,64843633,12962891,0.0031,0.0028,0.0171,0.0155,14423930,5211,0.0034,0.0031
11224,1259,158693059,1017274266,67309849,374852385,59643437,263546992,65228959,428687986,0.4214,0.45,57740158,308000851,16508,16385,15564317,16610130,108804266,14027046,0.0138,0.0199,55266455,0.0543,0.058,62086,61,26163,26,3373,3.33,607,278206614,458331,4949216,12231431,20151,1456794,6532972,5698459,1139179,0.0041,0.0064,0.044,0.0535,2445185,4028,0.0088,0.0107
11225,1040,148684893,1186939466,52512555,388236566,7232863,65654337,57313310,461944228,0.3892,0.45,7621572,76975781,19814,19271,6036911,18915000,317256258,40900677,0.0345,0.0196,59553850,0.0502,0.058,61592,63,23971,24,3090,3.15,1,538000,538000,10450,31063,31063,0,0,31063,6210,0.0115,0.0115,0.0577,0.0577,6210,6210,0.0115,0.0115
11226,1502,264570503,1736966542,91754516,564283126,5086646,36800479,105878632,690963372,0.3978,0.45,7022416,45080206,32183,31616,11467969,30730415,525150190,67702362,0.039,0.0404,89078998,0.0513,0.058,54939,57,21855,22,2818,2.9,689,643975495,934652,3586532,14649918,21263,413384,1007503,13642415,2727255,0.0042,0.0054,0.0227,0.0307,2928665,4251,0.0045,0.0061
11227,1,15000,563000,1389,52127,0,0,1389,52127,0.0926,0.0926,0,0,7,7,3402,4875,52127,6720,0.0119,0.0119,6720,0.0119,0.0119,80429,115,7447,11,960,1.38,3,1668031,556010,455,56536,18845,0,9972,46564,9309,0.0056,0.0056,0.0339,0.0339,11302,3767,0.0068,0.0068
11228,424,53628845,218721749,12749458,51954301,1249496,2955060,12821170,57435810,0.2626,0.195,1300097,3107810,2479,2323,1409747,2505743,48929041,6307932,0.0288,0.0219,7404625,0.0339,0.0251,94155,87,24725,23,3188,2.96,3985,3382080535,848703,55037967,146655699,36802,9499027,14118005,132537694,26495610,0.0078,0.0082,0.0434,0.044,29317941,7357,0.0087,0.0088
11229,1096,215585783,1023538036,91917079,364256044,39003152,89244211,91218737,427642753,0.4178,0.45,38513194,105373249,16519,16313,7692746,17448849,274047858,35330250,0.0345,0.0085,55131704,0.0539,0.058,62744,59,26215,25,3380,3.16,5991,5265973968,878981,65937875,210910500,35205,11265865,19529949,191380551,38258886,0.0073,0.0075,0.0401,0.0397,42163118,7038,0.008,0.0079
11230,1301,236112002,1296918140,91608621,452234042,12393000,52926660,93949607,533472230,0.4113,0.45,13545624,60429570,21524,21219,7721928,22478325,398535600,51379210,0.0396,0.0223,68775240,0.053,0.058,61121,58,25141,24,3241,3.06,4874,3225327778,661741,39858235,139147021,28549,7605728,14000809,125146212,25017979,0.0078,0.0081,0.0431,0.0436,27816881,5707,0.0086,0.0087
11231,2657,392923702,1326750965,56588979,245450561,7551461,61045815,58918223,268008292,0.202,0.1883,8938897,68920515,9571,9260,10832894,10120038,183839172,23700546,0.0179,0.0152,34551629,0.026,0.0243,143278,131,28943,26,3731,3.41,9577,8232033664,859563,114618549,374724933,39128,22583612,32592990,342131943,68395597,0.0083,0.0086,0.0455,0.046,74911261,7822,0.0091,0.0092
11232,1036,74122988,576819210,14148787,115194601,3011268,26892709,14742069,128993877,0.2236,0.3224,3026692,28689407,5705,5436,2605662,4925694,88254263,11377740,0.0197,0.0107,16629891,0.0288,0.0416,106111,117,23730,26,3059,3.38,8075,6543251999,810310,111063388,286874335,35526,19485014,27091491,259782844,51933188,0.0079,0.0082,0.0438,0.0437,57349048,7102,0.0088,0.0087
11233,1662,163997912,1073778722,42085460,288636165,25638620,195224848,49882407,329321806,0.3067,0.2137,31285193,226717441,17994,17543,8828783,17500728,93242585,12020834,0.0112,0.0116,42456167,0.0395,0.0276,61208,61,18772,19,2420,2.43,3338,3015347034,903339,32818554,138538392,41503,6434293,10533692,128004700,25589420,0.0085,0.0086,0.0459,0.0457,27695210,8297,0.0092,0.0091
11234,338,60714764,267258942,24989746,94927511,11842835,35448936,22956865,109261650,0.4088,0.45,10241649,39891873,4470,4417,3186881,5324202,59445769,7663749,0.0287,0.0021,14086012,0.0527,0.058,60507,50,24737,21,3189,2.65,5947,4881966908,820913,61701666,212527943,35737,11919579,17485249,195042694,38990985,0.008,0.0082,0.0435,0.0436,42486461,7144,0.0087,0.0087
11235,3013,251439330,1717813629,107267221,640370884,36285867,178938742,105102296,729851848,0.4249,0.45,36759597,200752927,25793,25426,20413224,30711565,458706789,59136479,0.0344,0.0153,94092500,0.0548,0.058,67561,56,28705,24,3701,3.06,4016,3433775424,855024,44637807,156515120,38973,8169625,11791878,144723242,28931623,0.0084,0.0085,0.0456,0.0451,31288938,7791,0.0091,0.009
11236,313,52232185,254679004,26649524,80835748,18299890,45299352,17276630,94660556,0.3717,0.2413,9123354,53445546,4844,4778,5815612,5965666,35446022,4569701,0.0179,0.0208,12203639,0.0479,0.0311,53302,43,19812,16,2554,2.05,2150,2168440509,1008577,28696130,90245982,41975,4721071,6241439,84004543,16793348,0.0077,0.008,0.0416,0.0426,18041074,8391,0.0083,0.0085
11237,2353,139004317,1343028232,23720980,179064382,4701771,38353403,26050994,193581709,0.1441,0.0965,5249868,46070276,13702,13093,7447104,11901417,140454818,18107435,0.0135,0.0114,24956554,0.0186,0.0124,102576,113,14785,16,1906,2.1,6244,5136812573,822680,83598783,241475698,38673,14235778,19186940,222288758,44437746,0.0087,0.0089,0.047,0.047,48273407,7731,0.0094,0.0094
11238,3820,360854295,2401251745,90250349,612065645,23523159,189491151,95517404,716554943,0.2984,0.45,24372987,216714789,23282,22821,16986100,22481322,422163549,54425325,0.0227,0.0122,92378263,0.0385,0.058,105221,107,31399,32,4048,4.11,6568,5017668203,763957,87349569,232408126,35385,14836664,20179320,212228806,42426661,0.0085,0.0088,0.0463,0.0464,46460708,7074,0.0093,0.0093
11239,13,67261000,420331000,29840126,170475557,29767580,169377865,30267450,189148950,0.45,0.45,30160185,188016539,7955,7949,4352958,7967066,1097692,141514,0.0003,0,24385083,0.058,0.058,52878,53,23795,24,3068,3.06,3559,2711775700,761949,49321395,127377735,35790,7535897,9298656,118079079,23605189,0.0087,0.009,0.047,0.0473,25464083,7155,0.0094,0.0095
11242,0,0,0,0,0,0,0,0,0,#DIV/0!,#NUM!,0,0,0,0,0,0,0,0,#DIV/0!,#NUM!,0,#DIV/0!,#NUM!,#DIV/0!,#DIV/0!,#DIV/0!,#DIV/0!,#DIV/0!,#DIV/0!,4589,3376468594,735774,55714647,151952764,33112,9148389,12576424,139376340,27862724,0.0083,0.0086,0.045,0.045,30376877,6619,0.009,0.009
11249,4296,205227991,1932217722,61537099,580608947,23296296,417686353,68420528,690902997,0.3576,0.45,24540592,501229642,15447,14806,54473647,23184913,161965198,20880553,0.0108,0.0044,89071214,0.0461,0.058,130502,83,46664,30,6016,3.84,5934,4253395956,716784,50827571,180546201,30426,7187026,24503469,156042732,31194503,0.0073,0.0078,0.0424,0.0417,36092991,6082,0.0085,0.0083
11251,0,0,0,0,0,0,0,0,0,#DIV/0!,#NUM!,0,0,0,0,0,0,0,0,#DIV/0!,#NUM!,0,#DIV/0!,#NUM!,#DIV/0!,#DIV/0!,#DIV/0!,#DIV/0!,#DIV/0!,#DIV/0!,5078,3133820717,617137,36931927,138713433,27317,6323371,10132594,128580839,25704596,0.0082,0.0085,0.0443,0.0448,27730202,5461,0.0088,0.009
11354,3136,193162637,1190442037,79576735,458140761,31129175,146303568,79392582,517757130,0.4349,0.45,31428490,157097054,15385,15160,37295905,20704169,311348130,40139001,0.0337,0.0178,66749249,0.0561,0.058,78525,57,34153,25,4403,3.22,3998,3073852066,768847,34955923,142737053,35702,8426921,13838663,128898390,25768077,0.0084,0.009,0.0464,0.0472,28534564,7137,0.0093,0.0094
11355,4064,261373387,1520511253,104338377,595154623,25854962,127470780,105902316,654944442,0.4307,0.45,26454795,133722195,20696,20352,131959010,23859924,467489686,60268770,0.0396,0.0478,84435437,0.0555,0.058,74711,64,32181,27,4149,3.54,1,811000,811000,8678,41158,41158,1550,1550,39608,7918,0.0098,0.0098,0.0507,0.0507,8228,8228,0.0101,0.0101
11356,192,29148676,83802001,6226710,17107291,352148,2059175,6256551,17876559,0.2133,0.2013,352148,2311829,736,676,2736397,1837234,15048116,1940003,0.0231,0.0163,2304646,0.0275,0.026,123967,46,26445,10,3409,1.25,1763,1520423740,862407,17335262,63681520,36121,3603498,5520298,58161222,11627010,0.0076,0.0081,0.0419,0.0416,12730573,7221,0.0084,0.0083
11357,191,91822013,332038000,35724399,119178804,14561361,15459939,36232179,140880349,0.4243,0.45,15873300,16972465,4262,4236,8366736,5029331,103718865,13371436,0.0403,0.0344,18162295,0.0547,0.058,78385,66,33258,28,4288,3.61,6326,5121605436,809612,84177098,214278466,33873,13277226,22272567,192005899,38383899,0.0075,0.0078,0.0418,0.0414,42836408,6771,0.0084,0.0083
11358,542,79642793,248883990,24241122,77013769,1660934,3710788,24219072,87611501,0.352,0.45,1697549,3818014,3161,3074,4619689,2966685,73283696,9447734,0.038,0.0455,11294875,0.0454,0.058,80964,84,28501,30,3674,3.81,2938,2443179133,831579,39087307,105836947,36023,6623549,8874638,96962309,19383735,0.0079,0.0082,0.0433,0.0434,21157864,7201,0.0087,0.0087
11360,1105,128307955,458175976,53227178,176257187,15844180,20096131,53021348,200124020,0.4368,0.45,16784280,21730265,4847,4840,134271865,6711598,156161056,20132283,0.0439,0.0521,25799989,0.0563,0.058,94664,68,41348,30,5331,3.84,6301,6804666285,1079934,69723740,270283107,42895,10856629,16920092,253363015,50649800,0.0074,0.0076,0.0397,0.0398,54032296,8575,0.0079,0.008
11361,296,67536485,245802992,23463247,84106223,3053289,7711754,23488088,99073039,0.4031,0.45,3281580,8359703,3150,3107,11088046,2938104,76337679,9841454,0.04,0.0439,12772496,0.052,0.058,79113,84,31887,34,4111,4.35,6454,4873877609,755172,80981110,215349981,33367,12387688,20133633,195216348,39025700,0.008,0.0083,0.0442,0.0443,43050615,6670,0.0088,0.0089
11362,47,71588000,210548000,31608368,81686548,10255302,10255302,31608368,93892878,0.4459,0.3871,10918425,10918425,2740,2712,5992831,3730564,71431246,9208916,0.0437,0.0435,12104670,0.0575,0.0499,77636,56,34621,25,4463,3.24,6977,4554002215,652716,57633234,191019615,27378,12015395,17416851,173602764,34704929,0.0076,0.0078,0.0419,0.0416,38186731,5473,0.0084,0.0083
11363,31,17738584,71619000,6173504,26542264,895781,7951873,6165674,30060272,0.4197,0.2552,934836,8728836,720,716,522442,737960,18590391,2396673,0.0335,0.0321,3875370,0.0541,0.0329,100027,97,41984,41,5413,5.25,8540,5865545697,686832,103979799,259587715,30397,21411812,29481785,230105930,46000476,0.0078,0.0082,0.0443,0.0445,51894180,6077,0.0088,0.0089
11364,220,133944959,485207986,58799976,190253752,12723887,26504181,60063756,218020131,0.4493,0.45,13316853,30891367,6276,6270,87202919,6670563,163433820,21069888,0.0434,0.0482,28107155,0.0579,0.058,77386,73,34772,33,4483,4.21,10854,7027411680,647449,105584358,301330556,27762,19849446,28760113,272570443,54489557,0.0078,0.0081,0.0429,0.0431,60238991,5550,0.0086,0.0086
11365,480,148096245,583117576,61263156,230270028,26928546,98867016,65013355,257826416,0.4422,0.45,26956356,112650083,6626,6590,13140774,8320092,131321418,16929957,0.029,0.0443,33238982,0.057,0.058,88485,70,39124,31,5044,4,5187,2179690500,420222,55848451,118311235,22809,11423313,13668665,104642570,20919096,0.0096,0.0103,0.0543,0.0552,23651599,4560,0.0109,0.011
11366,47,21336000,85558000,7783799,31847425,66781,66781,7824181,34964547,0.4087,0.2776,70112,70112,928,919,1363311,940178,31780644,4097161,0.0479,0.0358,4507629,0.0527,0.0358,93099,91,38046,37,4905,4.79,8513,3642744893,427904,84482734,178232785,20937,15500592,19342214,158890571,31763814,0.0087,0.0092,0.0489,0.0491,35630516,4185,0.0098,0.0098
11367,959,177181297,668382016,78885196,250414715,35871984,95201796,78834676,298618839,0.4468,0.45,35924004,120085964,10895,10831,184884216,10534690,155212905,20010048,0.0299,0.0526,38497941,0.0576,0.058,61710,63,27571,28,3554,3.65,9615,4349280311,452343,97251355,220569806,22940,16886863,20372413,200197393,40021461,0.0092,0.0097,0.0507,0.0515,44094110,4586,0.0101,0.0103
11368,2344,345425325,1467439587,100381055,461987740,29165181,129164983,101029590,502520117,0.3424,0.3656,29721819,135538316,17347,16793,8356513,16314531,332821137,42907301,0.0292,0.0124,64784893,0.0441,0.0471,87384,90,29924,31,3858,3.97,6102,4022092625,659143,86711660,203859431,33409,49616350,56856985,147002446,29387259,0.0073,0.0094,0.0507,0.0501,40753539,6679,0.0101,0.01
11369,132,46388000,171337000,12262396,48779392,4553039,6637461,12287146,58478525,0.3413,0.1558,4980078,7223781,2306,2280,914640,1993594,42141931,5432938,0.0317,0.0194,7539051,0.044,0.0201,75148,86,25648,29,3307,3.78,1104,890383267,806507,16781012,39282815,35582,2061499,2743048,36539767,7304665,0.0082,0.0084,0.0441,0.0441,7853028,7113,0.0088,0.0088
11370,1091,31616913,109384030,9793441,32455210,1526483,2288451,9803791,36845328,0.3368,0.45,1528237,2380999,1401,1394,1941611,7797145,30166759,3889099,0.0356,0.0485,4750100,0.0434,0.058,78468,14,26431,5,3408,0.61,3436,1802584726,524617,40240538,84687854,24647,5306564,7083851,77604003,15513816,0.0086,0.009,0.047,0.0474,16929949,4927,0.0094,0.0095
11371,0,0,0,0,0,0,0,0,0,#DIV/0!,#NUM!,0,0,0,0,0,0,0,0,#DIV/0!,#NUM!,0,#DIV/0!,#NUM!,#DIV/0!,#DIV/0!,#DIV/0!,#DIV/0!,#DIV/0!,#DIV/0!,5704,2809072086,492474,59374493,135780208,23804,10076853,13265965,122514243,24491822,0.0087,0.0091,0.0483,0.0486,27143821,4759,0.0097,0.0097
11372,1489,269185089,1510054899,107984426,525526841,17717698,36647733,108119528,608414723,0.4029,0.45,18588603,38811672,21753,21374,12171156,21252017,488171906,62935122,0.0417,0.0474,78436826,0.0519,0.058,70649,71,28465,29,3670,3.69,4512,2604423703,577222,57070478,124425866,27577,7334196,9338961,115086905,23007023,0.0088,0.0092,0.0478,0.0479,24873975,5513,0.0096,0.0096
11373,2610,239217012,1407794039,86224594,527088156,15754747,70332622,86815849,584948465,0.4155,0.45,15995961,75455351,19629,19377,20894657,23283985,436263116,56243041,0.04,0.0429,75411556,0.0536,0.058,72653,60,30188,25,3892,3.24,6995,3417468769,488559,69681852,168805049,24132,9862569,12725897,156079152,31201783,0.0091,0.0094,0.0494,0.0495,33745817,4824,0.0099,0.0099
11374,1724,146705942,1255490770,60560462,480693328,15626420,62959977,64191383,559490680,0.4456,0.45,16628987,66239952,16826,16730,47216582,20750377,417393292,53810343,0.0429,0.0462,72129538,0.0575,0.058,75044,61,33442,27,4311,3.48,9158,4382231120,478514,71474411,211599806,23105,12867115,17488688,194111118,38804754,0.0089,0.0092,0.0483,0.0484,42300917,4619,0.0097,0.0097
11375,1744,333595093,2128567059,143138935,831899246,30221118,70796746,146352049,945021587,0.444,0.45,31021426,76732081,26934,26674,23518096,29744455,760901799,98095460,0.0461,0.0475,121832183,0.0572,0.058,79799,72,35429,32,4567,4.1,5975,3091437431,517395,66755057,146295174,24485,9456575,11228818,135066356,27001115,0.0087,0.009,0.0473,0.0476,29245868,4895,0.0095,0.0095
11377,1468,287131516,1482843064,108317172,488213248,32963731,104098476,108823952,553479159,0.3733,0.45,33116552,115307883,19979,19671,12325374,17044008,384002902,49505654,0.0334,0.0219,71354533,0.0481,0.058,75382,87,28137,32,3627,4.19,6758,3140762245,464747,57908898,156791119,23201,9733651,11846211,144944908,28975937,0.0092,0.0094,0.0499,0.0496,31344113,4638,0.01,0.0099
11378,356,64537308,202958005,14077960,49706297,2420553,9505056,14076447,55221516,0.2721,0.1534,2514952,10892675,2438,2309,1745581,2160254,40201241,5182744,0.0255,0.0185,7119158,0.0351,0.0198,87899,94,23916,26,3083,3.3,4991,2843195363,569664,67471465,141665924,28384,9523425,11541089,130124835,26013256,0.0091,0.0095,0.0498,0.0502,28320435,5674,0.01,0.01
11379,334,41121112,120620122,10813461,37224084,1328942,3165855,10812922,41170252,0.3413,0.45,1337686,3416823,1556,1498,4526403,1562360,33974209,4379955,0.0363,0.0392,5307669,0.044,0.058,80521,77,27483,26,3543,3.4,4387,2448810433,558197,57138239,123298378,28105,10985899,12686295,110612083,22112462,0.009,0.0094,0.0504,0.0504,24648579,5619,0.0101,0.0101
11385,3285,273348859,1524083436,55126546,299837118,4270409,17364202,56009370,315545551,0.207,0.1673,4537624,19827275,17851,17139,8990308,15602273,282418376,36409377,0.0239,0.0216,40680132,0.0267,0.0216,88925,98,18411,20,2374,2.61,4183,2493879617,596194,58213718,126630644,30273,8275632,9571546,117059098,23401284,0.0094,0.0097,0.0508,0.0513,25314732,6052,0.0102,0.0103
11411,14,4583000,7931000,1217731,2208042,0,0,1233751,2378412,0.2999,0.1693,0,0,123,113,165423,98336,2208042,284661,0.0359,0.0218,306625,0.0387,0.0218,70186,81,21048,24,2713,3.12,4139,1900136879,459081,45420933,95359982,23039,7186826,8350107,87009875,17394144,0.0092,0.0095,0.0502,0.0502,19063414,4606,0.01,0.01
11412,67,11429000,47609000,2271382,10327505,20995,37386,2271382,11170741,0.2346,0.1172,20995,37386,589,511,369748,407899,10290119,1326602,0.0279,0.0151,1440132,0.0302,0.0151,93168,117,21861,27,2818,3.53,5641,2424780461,429849,57400940,122590735,21732,9868319,12044313,110546422,22099335,0.0091,0.0096,0.0506,0.0509,24507114,4344,0.0101,0.0102
11413,26,7305000,18409748,1756191,5209758,120005,456761,1785171,5588931,0.3036,0.2333,121681,458437,274,260,292237,172743,4740026,611084,0.0332,0.0263,720525,0.0391,0.0301,70807,107,21496,32,2771,4.17,8,4607000,575875,88647,228783,28598,1561,1561,227222,45424,0.0099,0.0096,0.0497,0.048,45736,5717,0.0099,0.0096
11414,795,48908922,193525974,21273840,73065011,11687166,13553402,21453327,84925856,0.4388,0.45,12487787,14635146,3296,3287,69803856,4637762,59511609,7672237,0.0396,0.0489,10948641,0.0566,0.058,58876,42,25837,18,3331,2.36,5979,4477285424,748835,89847096,206391796,34519,12418924,18205121,188186675,37620398,0.0084,0.0087,0.0461,0.0457,41259784,6901,0.0092,0.0091
11415,481,101594452,581586023,43122726,226735253,8624935,23381924,43536552,256848224,0.4416,0.45,9080770,25697159,7783,7684,7234154,8731285,201628334,25993925,0.0447,0.0499,33112873,0.0569,0.058,75688,67,33426,29,4309,3.79,5894,2525333764,428458,53880774,111070910,18845,9377149,14040283,97030627,19397393,0.0077,0.0079,0.044,0.0432,22204186,3767,0.0088,0.0086
11416,179,19347008,85447010,3425533,15513107,149993,519111,3445693,15995848,0.1872,0.1712,149993,519360,830,738,993412,679056,14993996,1933026,0.0226,0.0212,2062185,0.0241,0.0221,115782,126,21675,24,2794,3.04,10270,4548886040,442930,99672143,213374334,20776,18850676,22820129,190554205,38093691,0.0084,0.0088,0.0469,0.0471,42655663,4153,0.0094,0.0094
11417,170,14590001,79215004,3467585,21635177,59952,414120,3472985,22425386,0.2831,0.3426,59952,502842,949,893,787314,1000318,21221057,2735819,0.0345,0.0442,2891081,0.0365,0.0442,88707,79,25112,22,3237,2.89,5286,2727703039,516024,57773334,124747677,23600,8826226,11324445,113423232,22674438,0.0083,0.0087,0.0457,0.0461,24938308,4718,0.0091,0.0092
11418,597,61001924,303484007,17078568,95903845,3606511,27846319,17329943,106290086,0.3502,0.45,3718542,29611000,3672,3528,5391758,3779537,68045556,8772433,0.0289,0.0184,13702918,0.0452,0.058,86022,80,30128,28,3884,3.63,4417,1836678012,415820,38879724,83554354,18917,6504449,8342083,75212271,15035685,0.0082,0.0085,0.0455,0.0454,16703351,3782,0.0091,0.0091
11419,182,27326000,106233000,5816608,24475031,445158,937686,5979088,27109045,0.2552,0.1905,445158,937686,1239,1076,574419,930145,23537345,3034435,0.0286,0.0229,3494898,0.0329,0.0246,98730,114,25194,29,3248,3.76,6459,3073577003,475860,53722361,131344036,20335,13030631,19317402,112026634,22395244,0.0073,0.0087,0.0427,0.0471,26256986,4065,0.0085,0.0094
11420,99,22625008,50539012,4740786,11969874,908010,2177205,4760946,13262863,0.2624,0.2235,928170,2823948,702,651,572694,509870,9792669,1262471,0.025,0.0264,1709848,0.0338,0.0288,77633,99,20373,26,2626,3.35,2388,1143155428,478708,23956038,52726488,22080,10571452,23638897,29087591,5814900,0.0051,0.0078,0.0461,0.0471,10540552,4414,0.0092,0.0094
11421,182,55681000,189166998,13114183,54902603,3196834,5319035,13119943,63860572,0.3376,0.1555,3323436,5578118,2717,2604,1204568,2589577,49534428,6385978,0.0338,0.0179,8232905,0.0435,0.0201,72645,73,24524,25,3162,3.18,1870,1145278996,612449,26798965,41198006,22031,17852007,19530561,21667445,4331539,0.0038,0.0075,0.036,0.0447,8235893,4404,0.0072,0.0089
11422,10,23519000,77384000,10474527,29734748,8637199,24617960,10515395,34610685,0.4473,0.3426,8700725,28405775,1499,1493,2073038,1568645,5116788,659656,0.0085,0.0064,4462010,0.0577,0.0442,51831,49,23182,22,2989,2.84,3565,2719310740,762780,65278517,145103114,40702,27256076,29119928,115983186,23186199,0.0085,0.011,0.0534,0.0572,29007564,8137,0.0107,0.0114
11423,82,47953590,185955529,18277269,65867670,3640200,8391811,18396162,77647509,0.4176,0.45,3975507,8850008,3260,3232,2091138,2639702,57475859,7409788,0.0398,0.0288,10010317,0.0538,0.058,57536,70,24025,29,3097,3.79,25,436494030,17459761,10772516,22449283,897971,3230029,4241951,18207332,3639828,0.0083,0,0.0514,0.011,4487836,179513,0.0103,0.0022
11426,18,22361000,96892000,9092104,34323694,2105588,7389828,9112804,41867921,0.4321,0.188,2169222,8598752,1181,1176,1846576,1054562,26933866,3472314,0.0358,0.0226,5397612,0.0557,0.0242,82391,92,35602,40,4590,5.12,708577,5.0554E+11,713458,7619575312,20466943704,28885,1412193261,2073057836,18393885868,3677121724,0.0073,0.0087,0.0405,0.0471,4091546716,5774,0.0081,0.0094
11427,41,60209000,195084000,25522642,74784454,5618304,17233412,26091262,85448968,0.438,0.45,6030301,19000941,2942,2935,3601819,2689844,57551042,7419480,0.038,0.038,11016081,0.0565,0.058,66468,73,29114,32,3753,4.1,,,,,,,,,,,,,,,,,,
11428,42,15038000,55110000,4374801,16815728,9440,9440,4374801,18897688,0.3429,0.2218,9440,9440,650,606,396734,590976,16806288,2166667,0.0393,0.0286,2436290,0.0442,0.0286,90941,93,31184,32,4020,4.12,,,,,,,,,,,,,,,,,,
11429,44,11473000,28148000,2209790,6190634,85388,85388,2209790,6581144,0.2338,0.1165,85388,85388,375,360,248420,285957,6090216,785151,0.0279,0.015,848441,0.0301,0.015,78189,98,18281,23,2357,2.97,,,,,,,,,,,,,,,,,,
11430,0,0,0,0,0,0,0,0,0,#DIV/0!,#NUM!,0,0,0,0,0,0,0,0,#DIV/0!,#NUM!,0,#DIV/0!,#NUM!,#DIV/0!,#DIV/0!,#DIV/0!,#DIV/0!,#DIV/0!,#DIV/0!,,,,,,,,,,,,,,,,,,
11432,445,146293709,780477037,59759150,287812574,8389873,62639310,60108318,333288277,0.427,0.45,8734218,69482873,10962,10794,4781822,10368403,225142405,29025359,0.0372,0.0099,42967525,0.0551,0.058,72307,75,30877,32,3981,4.14,,,,,,,,,,,,,,,,,,
11433,72,32439200,135810000,13380174,47050040,10667782,39088152,13893038,58855373,0.4334,0.3391,11128836,50371245,2061,2024,1542740,1974269,7961888,1026447,0.0076,0.0196,7587635,0.0559,0.0437,67100,69,29079,30,3749,3.84,,,,,,,,,,,,,,,,,,
11434,63,120326751,561011611,52218169,213242205,49739588,200897358,52587716,248816615,0.4435,0.3644,50110598,234868231,8259,8230,6137793,9262761,12344847,1591498,0.0028,0.0172,32077438,0.0572,0.047,68167,61,30233,27,3898,3.46,,,,,,,,,,,,,,,,,,
11435,454,137753831,720277500,55126279,278485463,10223147,42448243,56478630,309028452,0.429,0.45,10534888,44096790,10633,10531,6075859,9739749,231485721,29843139,0.0414,0.0194,39839948,0.0553,0.058,68396,74,29345,32,3783,4.09,,,,,,,,,,,,,,,,,,
11436,12,2646000,4959000,476698,969020,81777,200577,476698,969020,0.1954,0.1993,81777,200577,50,41,33190,37456,768443,99068,0.02,0.0207,124926,0.0252,0.0257,120951,132,23635,26,3047,3.34,,,,,,,,,,,,,,,,,,
11691,421,108395687,598259369,47200301,227550271,27896736,123190019,46045367,259465786,0.4337,0.45,27100651,139788712,12522,12484,10116259,11022211,104318176,13448699,0.0225,0.0007,33450329,0.0559,0.058,47922,54,20784,24,2679,3.03,,,,,,,,,,,,,,,,,,
11692,30,47840860,202291423,21565246,77618731,21278568,76750711,20876616,89633007,0.4431,0.1862,20591468,88767959,4081,4075,3908645,4748262,865048,111522,0.0006,0.0019,11555487,0.0571,0.024,49642,43,21996,19,2836,2.43,,,,,,,,,,,,,,,,,,
11693,410,35449646,176881321,15884634,71081321,13509664,63386539,15430897,76976351,0.4352,0.45,13049837,68612361,3169,3154,2509409,3484010,7660725,987621,0.0056,0.0018,9923791,0.0561,0.058,56082,51,24406,22,3146,2.85,,,,,,,,,,,,,,,,,,
11694,443,46864125,215906594,19250450,78716913,8176417,32857903,18855698,86682699,0.4015,0.45,7933261,35377883,3978,3949,5600728,4195779,45845596,5910414,0.0274,0.0067,11175134,0.0518,0.058,54674,51,21951,21,2830,2.66,,,,,,,,,,,,,,,,,,
11697,0,0,0,0,0,0,0,0,0,#DIV/0!,#NUM!,0,0,0,0,0,0,0,0,#DIV/0!,#NUM!,0,#DIV/0!,#NUM!,#DIV/0!,#DIV/0!,#DIV/0!,#DIV/0!,#DIV/0!,#DIV/0!,,,,,,,,,,,,,,,,,,
