ZIP CODE,tc_1# of Properties,tc_1Finance FY'2017 Market Value Total,tc_1Average Market Value,tc_1Finance FY'2017 Assessed Value Land,tc_1Finance FY'2017 Assessed Value Total,tc_1Average Assessed Value,tc_1Finance FY'2017 Exempt Value Land,tc_1Finance FY'2017 Exempt Value Total,"tc_1Finance FY'2017 Taxable Assessed Value 
(Assessed Value minus Exempt Value)","tc_1FY'2017 Taxes
(Taxable Assessed Value * Tax Rate)",tc_1FY'2017 Average Effective Tax Rate (Taxes ÷ Market Value),tc_1FY'2017 Median Effective Tax Rate,"tc_1FY'2017 Average Assessment Ratio
(Assessed Value ÷ Market Value)",tc_1FY'2017 Median Actual Assessment Ratio,tc_1FY'2017 Taxes w/out Exemptions,tc_1FY'2017 Average Taxes w/out Exemptions,tc_1FY'2017 Average Effective Tax Rate w/out Exemptions,tc_1FY'2017 Median Effective Tax Rate w/out Exemption,tc_2 # OF PROPERTIES,tc_2 FY'2017 MARKET VALUE LAND,tc_2 FY'2017 MARKET VALUE TOTAL,tc_2 FY'2017 ASSESSED VALUE LAND,tc_2 FY'2017 ASSESSED VALUE TOTAL,tc_2 FY'2017 EXEMPT VALUE LAND,tc_2 FY'2017 EXEMPT VALUE TOTAL,tc_2 FY'2017 ACTUAL ASSESSED VALUE LAND,tc_2 FY'2017 ACTUAL ASSESSED VALUE TOTAL,tc_2 Average Actual Assessment Ratio,tc_2 Median Actual Assessment Ratio,tc_2 FY'2017 ACTUAL EXEMPT VALUE LAND,tc_2 FY'2017 ACTUAL EXEMPT VALUE TOTAL,tc_2 TOTAL UNITS,tc_2 RESIDENTIAL UNITS,tc_2 LAND SQUARE FEET,tc_2 GROSS SQUARE FEET,tc_2 Taxable Assessed Value,tc_2 Total Taxes,tc_2 Average Taxable Effective Tax Rate,tc_2 Median Taxable Effective Tax Rate,tc_2 Taxes w/out Exemption,tc_2 Average Effective Tax Rate w/out Exemption,tc_2 Median Effective Tax Rate w/out Exemption,tc_2 Average Market Value Per Residential Unit,tc_2 Average Market Value Per Gross Square Foot,tc_2 Actual Assessed Value Per Residential Unit,Actual Assessed Value Per Gross Square Foot,Taxes w/out Exemption Per Residential Unit,Taxes w/out Exemption Per Gross Square Foot,White,Non-White,Black or African American,Asian,Hispanic Origin of Any Race
10001,19,129619000,6822053,1542155,2699429,142075,4650,4650,2694779,538713,0.0042,0.0041,0.0208,0.0207,539643,28402,0.0042,0.0041,"1,471","$780,125,048 ","$4,538,886,185 ","$290,671,105 ","$1,658,138,801 ","$81,524,077 ","$686,730,527 ","$320,717,141 ","$1,922,824,968 ",42.36%,45.00%,"$94,909,401 ","$795,027,433 ","20,230","19,842","8,643,407","29,555,835","963,988,316","124,277,374",2.74%,4.63%,"247,890,595",5.46%,5.80%,"$228,751 ",$154 ,"$96,907 ",$65 ,"$12,493 ",$8.39 ,61%,39%,11%,18%,17%
10002,99,234359873,2367271,1614510,4494374,45398,196933,351862,4142512,828130,0.0035,0.0044,0.0192,0.0241,898470,9075,0.0038,0.0048,"2,480","$1,119,441,624 ","$4,725,893,887 ","$433,821,548 ","$1,705,825,116 ","$194,114,612 ","$763,757,475 ","$449,310,179 ","$1,983,026,564 ",41.96%,45.00%,"$196,721,477 ","$875,298,130 ","38,109","36,390","312,106,571","38,324,321","941,393,101","121,364,399",2.57%,4.51%,"255,651,785",5.41%,5.80%,"$129,868 ",$123 ,"$54,494 ",$52 ,"$7,025 ",$6.67 ,31%,69%,8%,44%,26%
10003,192,1364405310,7106278,14019743,33307160,173475,298995,617138,32690022,6535062,0.0048,0.0046,0.0244,0.0235,6658434,34679,0.0049,0.0047,"3,735","$1,598,012,608 ","$8,310,198,962 ","$521,608,957 ","$2,700,093,121 ","$33,872,345 ","$198,475,327 ","$537,001,788 ","$3,135,021,435 ",37.72%,45.00%,"$34,665,632 ","$232,396,375 ","33,597","32,181","61,816,633","37,270,262","2,498,831,015","322,149,294",3.88%,4.74%,"404,166,963",4.86%,5.80%,"$258,233 ",$223 ,"$97,418 ",$84 ,"$12,559 ",$10.84 ,77%,23%,5%,13%,7%
10004,#N/A,#N/A,#N/A,#N/A,#N/A,#N/A,#N/A,#N/A,#N/A,#N/A,#N/A,#N/A,#N/A,#N/A,#N/A,#N/A,#N/A,#N/A,833,"$86,698,487 ","$644,247,080 ","$33,694,636 ","$239,754,510 ","$326,200 ","$48,617,039 ","$33,694,659 ","$266,505,140 ",41.37%,45.00%,"$328,349 ","$51,090,124 ","2,079","2,046","394,690","9,062,172","191,013,700","24,625,486",3.82%,3.25%,"34,357,843",5.33%,5.80%,"$314,881 ",$71 ,"$130,257 ",$29 ,"$16,793 ",$3.79 ,77%,23%,2%,18%,
10005,#N/A,#N/A,#N/A,#N/A,#N/A,#N/A,#N/A,#N/A,#N/A,#N/A,#N/A,#N/A,#N/A,#N/A,#N/A,#N/A,#N/A,#N/A,"1,650","$371,514,875 ","$1,650,726,876 ","$166,694,449 ","$648,149,892 ","$4,251,656 ","$143,404,591 ","$166,694,449 ","$738,072,628 ",44.71%,45.00%,"$4,252,110 ","$146,641,252 ","5,927","5,880","504,716","11,467,294","504,744,165","65,071,618",3.94%,3.35%,"95,152,323",5.76%,5.80%,"$280,736 ",$144 ,"$125,523 ",$64 ,"$16,182 ",$8.30 ,75%,23%,4%,16%,
10006,#N/A,#N/A,#N/A,#N/A,#N/A,#N/A,#N/A,#N/A,#N/A,#N/A,#N/A,#N/A,#N/A,#N/A,#N/A,#N/A,#N/A,#N/A,826,"$101,857,514 ","$588,687,966 ","$45,183,106 ","$225,926,524 ","$275,650 ","$28,342,340 ","$45,076,938 ","$263,051,395 ",44.68%,45.00%,"$275,650 ","$29,812,845 ","2,722","2,692","323,695","5,985,770","197,584,184","25,472,553",4.33%,5.01%,"33,912,586",5.76%,5.80%,"$218,681 ",$98 ,"$97,716 ",$44 ,"$12,598 ",$5.67 ,72%,23%,3%,18%,
10007,4,29586000,7396500,363700,873810,218453,0,0,873810,174683,0.0059,0.0054,0.0295,0.0271,174683,43671,0.0059,0.0054,"1,839","$268,915,290 ","$1,683,011,931 ","$108,061,600 ","$660,503,121 ","$3,735,539 ","$122,876,203 ","$109,410,549 ","$713,241,541 ",42.38%,45.00%,"$3,967,477 ","$138,529,962 ","4,196","4,039","7,638,825","13,445,556","515,779,777","66,494,329",3.95%,4.52%,"91,951,099",5.46%,5.80%,"$416,690 ",$125 ,"$176,589 ",$53 ,"$22,766 ",$6.84 ,67%,33%,7%,17%,8%
10009,55,274333293,4987878,1356546,2975507,54100,41947,41947,2933560,586448,0.0021,0.0022,0.0108,0.011,594834,10815,0.0022,0.0022,"1,898","$1,207,190,664 ","$5,835,476,144 ","$447,809,048 ","$1,850,685,006 ","$137,400,763 ","$525,438,213 ","$449,011,850 ","$2,264,977,748 ",38.81%,45.00%,"$137,626,814 ","$645,693,880 ","36,861","35,895","10,305,660","32,564,643","1,324,009,544","170,691,310",2.93%,3.72%,"292,000,931",5.00%,5.80%,"$162,571 ",$179 ,"$63,100 ",$70 ,"$8,135 ",$8.97 ,60%,40%,7%,15%,26%
10010,22,118369000,5380409,2062795,3561951,161907,15270,15270,3546681,709017,0.006,0.0057,0.0301,0.0287,712070,32367,0.006,0.0057,"2,806","$777,864,519 ","$4,503,620,195 ","$318,439,088 ","$1,627,932,701 ","$70,903,783 ","$371,558,022 ","$320,059,519 ","$1,890,810,974 ",41.98%,45.00%,"$70,794,049 ","$441,158,999 ","17,421","16,978","4,249,120","25,333,202","1,255,103,862","161,807,990",3.59%,4.71%,"243,763,351",5.41%,5.80%,"$265,262 ",$178 ,"$111,368 ",$75 ,"$14,358 ",$9.62 ,72%,28%,6%,15%,11%
10011,397,3334980498,8400455,27164475,74155561,186790,441958,819725,73335836,14660567,0.0044,0.0042,0.0222,0.0211,14824438,37341,0.0044,0.0042,"6,469","$1,658,433,031 ","$9,423,761,973 ","$560,196,022 ","$3,160,000,320 ","$45,974,858 ","$443,607,317 ","$571,520,344 ","$3,632,112,779 ",38.54%,45.00%,"$46,894,794 ","$527,566,593 ","35,548","34,492","20,682,147","45,709,673","2,715,577,779","350,092,287",3.71%,4.58%,"468,251,979",4.97%,5.80%,"$273,216 ",$206 ,"$105,303 ",$79 ,"$13,576 ",$10.24 ,79%,21%,4%,10%,10%
10012,81,562743695,6947453,4415884,13341244,164707,160788,297264,13043980,2607622,0.0046,0.0042,0.0237,0.0223,2667048,32927,0.0047,0.0045,"2,156","$826,304,104 ","$4,555,806,259 ","$216,973,667 ","$1,266,938,225 ","$10,153,977 ","$95,526,898 ","$220,716,079 ","$1,474,541,338 ",32.37%,45.00%,"$10,328,336 ","$109,341,266 ","14,169","13,155","6,627,811","19,165,067","1,170,966,042","150,960,942",3.31%,4.55%,"190,097,869",4.17%,5.80%,"$346,317 ",$238 ,"$112,090 ",$77 ,"$14,451 ",$9.92 ,76%,24%,2%,15%,6%
10013,107,615977985,5756804,6724554,15452514,144416,25080,25080,15427434,3084098,0.005,0.005,0.0251,0.0251,3089112,28870,0.005,0.005,"5,123","$1,032,575,281 ","$5,691,142,670 ","$323,587,511 ","$1,806,649,677 ","$18,826,954 ","$206,106,862 ","$324,909,395 ","$2,042,031,482 ",35.88%,45.00%,"$19,675,597 ","$240,572,659 ","16,527","15,291","15,418,451","34,913,855","1,599,544,372","206,213,260",3.62%,4.63%,"263,258,699",4.63%,5.80%,"$372,189 ",$163 ,"$133,545 ",$58 ,"$17,217 ",$7.54 ,56%,44%,4%,34%,7%
10014,658,5468459437,8310729,37732470,110693153,168227,709082,1508513,109184640,21827101,0.004,0.0039,0.0202,0.0194,22128668,33630,0.004,0.0039,"3,333","$1,355,480,874 ","$5,586,197,223 ","$466,615,086 ","$1,829,677,375 ","$48,962,343 ","$191,486,483 ","$466,903,427 ","$2,116,801,296 ",37.89%,45.00%,"$49,061,256 ","$221,154,092 ","22,282","21,459","12,458,139","23,751,717","1,637,634,154","211,123,795",3.78%,4.74%,"272,898,023",4.89%,5.80%,"$260,320 ",$235 ,"$98,644 ",$89 ,"$12,717 ",$11.49 ,89%,11%,2%,5%,7%
10016,155,788063050,5084278,16561394,28368315,183021,745672,1095058,27273257,5452197,0.0069,0.0074,0.036,0.0374,5671110,36588,0.0072,0.0075,"8,557","$1,831,954,111 ","$8,985,976,855 ","$713,973,716 ","$3,304,885,801 ","$52,621,789 ","$311,576,814 ","$728,027,964 ","$3,722,731,158 ",41.43%,45.00%,"$59,884,594 ","$349,265,437 ","39,993","38,835","47,930,259","50,244,664","2,992,633,047","385,810,252",4.29%,5.10%,"479,934,501",5.34%,5.80%,"$231,389 ",$179 ,"$95,860 ",$74 ,"$12,358 ",$9.55 ,72%,28%,4%,16%,9%
10017,40,276933000,6923325,4265901,9653051,241326,479860,939655,8713396,1741895,0.0063,0.0069,0.0349,0.0352,1929741,48244,0.007,0.007,"3,338","$640,454,871 ","$2,975,810,094 ","$274,110,480 ","$1,173,766,947 ","$14,151,108 ","$67,832,078 ","$278,265,518 ","$1,317,219,229 ",44.26%,45.00%,"$14,774,664 ","$75,274,511 ","13,112","12,879","15,578,964","24,646,884","1,105,934,869","142,577,123",4.79%,5.08%,"169,815,903",5.71%,5.80%,"$231,059 ",$121 ,"$102,277 ",$53 ,"$13,185 ",$6.89 ,73%,27%,3%,22%,7%
10018,4,27033000,6758250,194586,465179,116295,3380,3380,461799,92318,0.0034,0.0032,0.0172,0.0163,92994,23248,0.0034,0.0033,524,"$283,541,337 ","$1,669,010,233 ","$107,140,920 ","$629,992,665 ","$42,245,254 ","$335,933,875 ","$113,411,991 ","$701,385,344 ",42.02%,45.00%,"$43,686,158 ","$366,103,266 ","7,345","7,083","3,931,917","11,673,750","293,963,670","37,897,796",2.27%,2.85%,"90,422,599",5.42%,5.80%,"$235,636 ",$143 ,"$99,024 ",$60 ,"$12,766 ",$7.75 ,56%,44%,6%,31%,18%
10019,16,81015000,5063438,963212,2249727,140608,11370,11370,2238357,447470,0.0055,0.0056,0.0278,0.0279,449743,28109,0.0056,0.0056,"8,467","$2,117,477,443 ","$9,107,293,202 ","$862,407,962 ","$3,378,861,012 ","$76,252,550 ","$700,614,980 ","$893,303,741 ","$3,909,721,333 ",42.93%,45.00%,"$79,864,967 ","$800,289,702 ","40,550","39,619","88,516,765","64,398,438","2,673,446,660","344,660,743",3.78%,4.97%,"504,041,274",5.53%,5.80%,"$229,872 ",$141 ,"$98,683 ",$61 ,"$12,722 ",$7.83 ,72%,28%,6%,14%,17%
10020,#N/A,#N/A,#N/A,#N/A,#N/A,#N/A,#N/A,#N/A,#N/A,#N/A,#N/A,#N/A,#N/A,#N/A,#N/A,#N/A,#N/A,#N/A,2,$0 ,$0 ,$0 ,$0 ,$0 ,$0 ,$0 ,$0 ,#DIV/0!,0.00%,$0 ,$0 ,0,0,"205,972","5,164,103",0,0,#DIV/0!,0.00%,0,#DIV/0!,0.00%,#DIV/0!,$0 ,#DIV/0!,$0 ,#DIV/0!,$0.00 ,,,,,
10021,307,4827850987,15725899,54662770,138998148,452763,4837482,13771267,125226881,25034106,0.0052,0.0057,0.0288,0.0298,27787120,90512,0.0058,0.006,"3,740","$2,067,828,302 ","$8,970,125,094 ","$858,097,856 ","$3,388,886,094 ","$49,596,333 ","$153,291,044 ","$865,414,241 ","$3,837,537,804 ",42.78%,45.00%,"$50,725,509 ","$169,421,495 ","29,773","28,886","25,284,367","42,130,156","3,230,441,333","416,468,497",4.64%,5.07%,"494,735,374",5.52%,5.80%,"$310,535 ",$213 ,"$132,851 ",$91 ,"$17,127 ",$11.74 ,84%,16%,3%,10%,6%
10022,110,797448719,7249534,16243492,32386922,294427,2238881,3958826,28428096,5683061,0.0071,0.0078,0.0406,0.0413,6474470,58859,0.0081,0.0083,"5,191","$1,866,548,985 ","$8,143,139,699 ","$780,459,816 ","$3,119,398,153 ","$52,702,598 ","$115,656,235 ","$788,936,904 ","$3,536,869,336 ",43.43%,45.00%,"$58,303,370 ","$129,513,251 ","47,996","47,210","24,866,087","53,213,086","3,000,913,153","386,877,724",4.75%,5.02%,"455,973,195",5.60%,5.80%,"$172,488 ",$153 ,"$74,918 ",$66 ,"$9,658 ",$8.57 ,86%,14%,3%,10%,7%
10023,123,1446121413,11757085,12315016,33209446,269995,140115,147482,33061964,6609417,0.0046,0.0043,0.023,0.022,6638900,53975,0.0046,0.0044,"8,622","$2,891,598,397 ","$11,640,923,771 ","$1,123,045,834 ","$4,247,980,345 ","$73,269,271 ","$391,168,801 ","$1,158,263,534 ","$4,896,243,592 ",42.06%,45.00%,"$87,727,596 ","$468,713,986 ","44,252","43,631","54,831,661","65,736,667","3,855,220,907","497,015,079",4.27%,5.01%,"631,223,724",5.42%,5.80%,"$266,804 ",$177 ,"$112,219 ",$74 ,"$14,467 ",$9.60 ,83%,17%,4%,10%,9%
10024,302,2347511495,7773217,27085545,59353542,196535,379094,677507,58676035,11729926,0.005,0.0047,0.0253,0.0233,11865367,39289,0.0051,0.0047,"4,702","$2,364,052,818 ","$8,952,898,149 ","$865,948,028 ","$3,082,306,494 ","$52,838,667 ","$176,145,393 ","$872,429,950 ","$3,505,932,067 ",39.16%,45.00%,"$54,051,198 ","$191,489,556 ","36,721","35,495","11,937,931","47,812,847","2,905,507,496","374,578,026",4.18%,4.86%,"451,984,762",5.05%,5.80%,"$252,230 ",$187 ,"$98,773 ",$73 ,"$12,734 ",$9.45 ,81%,19%,6%,6%,12%
10025,173,988281951,5712612,8928355,20386092,117839,101953,101953,20284139,4055002,0.0041,0.0038,0.0206,0.0191,4075384,23557,0.0041,0.0038,"7,041","$1,510,540,245 ","$7,408,995,500 ","$606,397,571 ","$2,641,686,763 ","$135,994,280 ","$578,686,972 ","$605,789,735 ","$3,132,291,686 ",42.28%,45.00%,"$136,131,556 ","$683,065,654 ","48,644","47,892","124,674,645","61,124,629","2,062,731,434","265,927,336",3.59%,4.83%,"403,815,044",5.45%,5.80%,"$154,702 ",$121 ,"$65,403 ",$51 ,"$8,432 ",$6.61 ,65%,35%,16%,10%,22%
10026,209,455585493,2179835,2459161,8253502,39490,231650,1583074,6670428,1333485,0.0029,0.003,0.0181,0.0189,1649958,7895,0.0036,0.0038,"3,222","$355,584,525 ","$1,719,929,589 ","$116,789,531 ","$605,619,551 ","$59,009,177 ","$414,578,629 ","$122,480,881 ","$710,489,722 ",41.31%,45.00%,"$62,064,580 ","$492,654,595 ","22,557","22,231","12,070,745","20,910,789","190,503,511","24,559,713",1.43%,0.68%,"91,596,335",5.33%,5.80%,"$77,366 ",$82 ,"$31,959 ",$34 ,"$4,120 ",$4.38 ,24%,76%,57%,4%,21%
10027,592,1176461349,1987266,6999869,24547401,41465,593869,3968311,20579090,4113966,0.0035,0.003,0.0209,0.0204,4907271,8289,0.0042,0.0041,"1,932","$428,744,344 ","$2,289,080,046 ","$128,969,120 ","$805,715,217 ","$68,864,389 ","$494,140,973 ","$134,329,092 ","$932,742,233 ",40.75%,45.00%,"$70,934,562 ","$566,429,751 ","27,341","26,758","7,592,869","26,318,561","311,375,783","40,142,566",1.75%,1.03%,"120,249,129",5.25%,5.80%,"$85,548 ",$87 ,"$34,858 ",$35 ,"$4,494 ",$4.57 ,29%,71%,42%,9%,24%
10028,201,2029800039,10098508,24796674,59894871,297984,1479308,2666905,57227966,11440443,0.0056,0.0054,0.0295,0.0274,11973584,59570,0.0059,0.0055,"3,095","$1,805,744,415 ","$8,053,988,206 ","$728,549,594 ","$3,011,456,965 ","$35,473,926 ","$116,956,085 ","$729,186,376 ","$3,410,583,576 ",42.35%,45.00%,"$36,389,659 ","$130,120,248 ","31,377","30,362","8,756,967","39,122,736","2,886,183,437","372,086,769",4.62%,4.96%,"439,692,435",5.46%,5.80%,"$265,265 ",$206 ,"$112,331 ",$87 ,"$14,482 ",$11.24 ,88%,12%,1%,7%,5%
10029,124,191199388,1541931,1714502,4123983,33258,110707,268508,3855475,770748,0.004,0.0036,0.0216,0.0186,824425,6649,0.0043,0.0037,"1,943","$721,364,494 ","$3,757,190,819 ","$253,699,633 ","$1,295,780,563 ","$173,216,009 ","$828,932,558 ","$265,595,359 ","$1,537,863,135 ",40.93%,45.00%,"$176,931,719 ","$989,222,123 ","35,218","34,251","11,460,969","33,782,538","465,597,970","60,024,890",1.60%,2.28%,"198,261,315",5.28%,5.80%,"$109,696 ",$111 ,"$44,900 ",$46 ,"$5,788 ",$5.87 ,32%,68%,31%,9%,48%
10030,325,511548324,1573995,3881876,11083343,34103,505341,1446278,9637065,1926546,0.0038,0.0033,0.0217,0.0193,2215671,6817,0.0043,0.0039,"1,315","$236,540,387 ","$976,233,383 ","$69,750,588 ","$324,439,953 ","$34,668,546 ","$204,480,732 ","$71,060,968 ","$381,302,077 ",39.06%,45.00%,"$34,782,080 ","$241,246,545 ","13,315","12,960","3,648,718","11,849,071","119,746,142","15,437,673",1.58%,0.98%,"49,157,464",5.04%,5.80%,"$75,327 ",$82 ,"$29,421 ",$32 ,"$3,793 ",$4.15 ,13%,87%,70%,2%,22%
10031,466,863835111,1853723,4981068,15383666,33012,463536,1038526,14345140,2867737,0.0033,0.0032,0.0178,0.0166,3075349,6599,0.0036,0.0033,"1,646","$245,005,350 ","$1,626,857,019 ","$77,027,528 ","$549,165,525 ","$25,001,736 ","$182,867,726 ","$78,907,071 ","$654,135,960 ",40.21%,45.00%,"$25,248,122 ","$223,559,776 ","23,254","22,582","6,574,825","21,842,584","365,796,169","47,158,442",2.90%,4.03%,"84,331,208",5.18%,5.80%,"$72,042 ",$74 ,"$28,967 ",$30 ,"$3,734 ",$3.86 ,28%,72%,34%,3%,53%
10032,183,242684000,1326142,2044945,5495012,30027,227429,499118,4995894,998729,0.0041,0.0042,0.0226,0.0222,1098508,6003,0.0045,0.0044,"1,156","$212,777,465 ","$1,451,840,006 ","$82,524,467 ","$520,549,450 ","$21,064,779 ","$127,472,270 ","$85,559,532 ","$631,773,573 ",43.52%,45.00%,"$21,939,491 ","$153,437,729 ","21,884","21,298","9,345,097","21,750,269","392,465,901","50,596,704",3.49%,4.51%,"81,448,249",5.61%,5.80%,"$68,168 ",$67 ,"$29,664 ",$29 ,"$3,824 ",$3.74 ,30%,70%,22%,3%,67%
10033,52,43815000,842596,770608,1353607,26031,81366,141708,1211899,242271,0.0055,0.0054,0.0309,0.0286,270600,5204,0.0062,0.0057,729,"$180,753,428 ","$1,384,767,989 ","$74,777,081 ","$529,639,632 ","$6,900,107 ","$35,510,494 ","$79,329,721 ","$618,148,041 ",44.64%,45.00%,"$7,113,652 ","$42,682,979 ","20,713","20,037","4,984,726","20,260,918","492,747,312","63,524,983",4.59%,4.66%,"79,691,645",5.75%,5.80%,"$69,111 ",$68 ,"$30,850 ",$31 ,"$3,977 ",$3.93 ,42%,58%,9%,3%,69%
10034,31,27189000,877065,721351,1041558,33599,69093,78362,963196,192553,0.0071,0.0081,0.0383,0.0434,208218,6717,0.0077,0.0087,429,"$110,340,996 ","$951,721,002 ","$48,143,342 ","$364,193,556 ","$9,635,549 ","$57,768,120 ","$48,573,544 ","$425,752,186 ",44.73%,45.00%,"$9,918,302 ","$68,556,173 ","16,080","15,734","3,885,247","13,876,970","306,170,916","39,471,554",4.15%,4.69%,"54,887,972",5.77%,5.80%,"$60,488 ",$69 ,"$27,059 ",$31 ,"$3,488 ",$3.96 ,36%,64%,8%,2%,76%
10035,290,443914250,1530739,4301319,11502287,39663,354473,3594875,7907412,1580771,0.0036,0.0033,0.0259,0.0278,2299422,7929,0.0052,0.0056,"1,133","$273,918,162 ","$1,317,405,393 ","$83,222,311 ","$447,356,771 ","$47,572,792 ","$319,156,217 ","$89,601,303 ","$514,012,064 ",39.02%,45.00%,"$48,900,519 ","$366,559,694 ","15,630","15,189","4,703,317","14,245,727","127,259,925","16,406,350",1.25%,0.45%,"66,266,435",5.03%,5.80%,"$86,734 ",$92 ,"$33,841 ",$36 ,"$4,363 ",$4.65 ,21%,79%,42%,5%,46%
10036,32,179710000,5615938,1919780,4940500,154391,9300,9300,4931200,985796,0.0055,0.0054,0.0275,0.0268,987655,30864,0.0055,0.0054,"3,014","$897,769,816 ","$4,760,586,843 ","$302,198,859 ","$1,668,894,243 ","$83,826,300 ","$770,985,016 ","$350,408,211 ","$1,949,199,790 ",40.94%,45.00%,"$116,846,664 ","$926,207,500 ","22,650","22,207","10,308,459","36,152,118","892,282,181","115,033,019",2.42%,4.01%,"251,290,837",5.28%,5.80%,"$214,373 ",$132 ,"$87,774 ",$54 ,"$11,316 ",$6.95 ,67%,33%,7%,17%,17%
10037,49,84180000,1717959,612428,1822230,37188,47374,281454,1540776,308017,0.0037,0.0031,0.0216,0.0197,364282,7434,0.0043,0.0039,448,"$141,292,823 ","$875,704,431 ","$47,442,734 ","$316,903,564 ","$33,932,167 ","$232,052,180 ","$52,646,939 ","$375,983,909 ",42.94%,45.00%,"$35,178,721 ","$274,654,297 ","10,844","10,728","3,922,059","9,633,668","84,846,904","10,938,463",1.25%,1.19%,"48,471,846",5.54%,5.80%,"$81,628 ",$91 ,"$35,047 ",$39 ,"$4,518 ",$5.03 ,11%,89%,74%,3%,22%
10038,13,72421000,5570846,1098854,2153207,165631,13440,13440,2139767,427761,0.0059,0.0055,0.0297,0.0278,430448,33111,0.0059,0.0056,"1,623","$496,906,497 ","$2,486,380,141 ","$210,151,563 ","$923,621,701 ","$49,441,957 ","$317,364,689 ","$211,914,672 ","$1,080,506,309 ",43.46%,45.00%,"$49,957,006 ","$372,832,879 ","12,072","11,785","4,337,890","19,411,291","604,509,658","77,933,385",3.13%,4.93%,"139,298,873",5.60%,5.80%,"$210,978 ",$128 ,"$91,685 ",$56 ,"$11,820 ",$7.18 ,49%,51%,6%,33%,16%
10039,1,1386000,1386000,14195,29631,29631,0,0,29631,5924,0.0043,0.0043,0.0214,0.0214,5924,5924,0.0043,0.0043,635,"$144,328,985 ","$811,723,833 ","$57,621,489 ","$306,723,843 ","$44,862,804 ","$244,905,901 ","$58,954,729 ","$355,977,231 ",43.85%,45.00%,"$45,711,352 ","$284,427,614 ","12,155","11,920","10,814,503","13,211,690","60,641,012","7,817,839",0.96%,0.51%,"45,892,585",5.65%,5.80%,"$68,098 ",$61 ,"$29,864 ",$27 ,"$3,850 ",$3.47 ,14%,86%,65%,2%,31%
10040,9,7575000,841667,115362,221042,24560,4650,4650,216392,43259,0.0057,0.0061,0.0292,0.031,44189,4910,0.0058,0.0062,458,"$126,324,694 ","$976,776,992 ","$50,394,315 ","$371,592,884 ","$5,737,999 ","$44,973,901 ","$56,337,881 ","$438,974,769 ",44.94%,45.00%,"$5,808,368 ","$54,365,429 ","16,372","15,970","3,958,885","14,773,017","326,338,065","42,071,503",4.31%,4.94%,"56,592,627",5.79%,5.80%,"$61,163 ",$66 ,"$27,487 ",$30 ,"$3,544 ",$3.83 ,38%,62%,10%,2%,71%
10041,#N/A,#N/A,#N/A,#N/A,#N/A,#N/A,#N/A,#N/A,#N/A,#N/A,#N/A,#N/A,#N/A,#N/A,#N/A,#N/A,#N/A,#N/A,1,$0 ,$0 ,$0 ,$0 ,$0 ,$0 ,$0 ,$0 ,#DIV/0!,0.00%,$0 ,$0 ,0,0,"160,692","3,678,000",0,0,#DIV/0!,0.00%,0,#DIV/0!,0.00%,#DIV/0!,$0 ,#DIV/0!,$0 ,#DIV/0!,$0.00 ,,,,,
10044,#N/A,#N/A,#N/A,#N/A,#N/A,#N/A,#N/A,#N/A,#N/A,#N/A,#N/A,#N/A,#N/A,#N/A,#N/A,#N/A,#N/A,#N/A,587,"$403,828,255 ","$1,491,464,392 ","$180,949,906 ","$606,795,724 ","$180,949,891 ","$606,795,677 ","$181,722,720 ","$671,158,984 ",45.00%,45.00%,"$181,722,705 ","$671,158,937 ","11,962","11,875","5,251,122","9,213,711",47,6,0.00%,0.00%,"86,525,816",5.80%,5.80%,"$125,597 ",$162 ,"$56,519 ",$73 ,"$7,286 ",$9.39 ,56%,44%,14%,23%,
10065,310,4307958536,13896640,52410112,136290037,439645,4293153,13687760,122602277,24509421,0.0057,0.0065,0.0316,0.0326,27245741,87889,0.0063,0.0065,"4,503","$1,795,412,698 ","$7,121,662,364 ","$752,025,428 ","$2,716,558,711 ","$29,538,885 ","$129,554,404 ","$753,325,591 ","$3,058,010,947 ",42.94%,45.00%,"$30,362,333 ","$139,607,098 ","22,840","22,056","10,396,737","37,144,883","2,585,448,957","333,316,080",4.68%,5.15%,"394,238,771",5.54%,5.80%,"$322,890 ",$192 ,"$138,648 ",$82 ,"$17,874 ",$10.61 ,87%,13%,3%,7%,5%
10069,#N/A,#N/A,#N/A,#N/A,#N/A,#N/A,#N/A,#N/A,#N/A,#N/A,#N/A,#N/A,#N/A,#N/A,#N/A,#N/A,#N/A,#N/A,"2,132","$200,308,655 ","$1,811,697,003 ","$82,621,689 ","$695,215,991 ","$8,358,660 ","$256,376,283 ","$90,138,945 ","$815,263,735 ",45.00%,45.00%,"$15,905,135 ","$301,324,651 ","4,615","4,592","10,357,661","9,822,318","438,839,708","56,575,215",3.12%,4.01%,"105,103,801",5.80%,5.80%,"$394,533 ",$184 ,"$177,540 ",$83 ,"$22,888 ",$10.70 ,76%,24%,3%,18%,
10075,149,2128217563,14283339,21913736,58768389,394419,747495,2083950,56684439,11331786,0.0053,0.0056,0.0276,0.0283,11748389,78848,0.0055,0.0056,"2,984","$1,123,605,166 ","$4,951,653,295 ","$459,107,764 ","$1,853,689,018 ","$18,341,791 ","$81,097,208 ","$461,138,080 ","$2,103,702,445 ",42.48%,45.00%,"$19,171,908 ","$95,609,513 ","18,409","17,884","11,222,241","23,363,935","1,766,469,158","227,733,204",4.60%,5.04%,"271,209,319",5.48%,5.80%,"$276,876 ",$212 ,"$117,630 ",$90 ,"$15,165 ",$11.61 ,89%,11%,1%,6%,8%
10103,#N/A,#N/A,#N/A,#N/A,#N/A,#N/A,#N/A,#N/A,#N/A,#N/A,#N/A,#N/A,#N/A,#N/A,#N/A,#N/A,#N/A,#N/A,1,$0 ,$0 ,$0 ,$0 ,$0 ,$0 ,$0 ,$0 ,#DIV/0!,0.00%,$0 ,$0 ,0,0,"61,755","1,329,229",0,0,#DIV/0!,0.00%,0,#DIV/0!,0.00%,#DIV/0!,$0 ,#DIV/0!,$0 ,#DIV/0!,$0.00 ,,,,,
10162,#N/A,#N/A,#N/A,#N/A,#N/A,#N/A,#N/A,#N/A,#N/A,#N/A,#N/A,#N/A,#N/A,#N/A,#N/A,#N/A,#N/A,#N/A,1,"$20,500,000 ","$110,534,000 ","$9,225,000 ","$35,844,660 ",$0 ,$0 ,"$9,225,000 ","$49,740,300 ",45.00%,45.00%,$0 ,$0 ,427,427,"34,500","530,809","35,844,660","4,621,094",4.18%,4.18%,"6,412,519",5.80%,5.80%,"$258,862 ",$208 ,"$116,488 ",$94 ,"$15,018 ",$12.08 ,95%,5%,0%,5%,
10271,#N/A,#N/A,#N/A,#N/A,#N/A,#N/A,#N/A,#N/A,#N/A,#N/A,#N/A,#N/A,#N/A,#N/A,#N/A,#N/A,#N/A,#N/A,1,$0 ,$0 ,$0 ,$0 ,$0 ,$0 ,$0 ,$0 ,#DIV/0!,0.00%,$0 ,$0 ,0,0,"49,614","1,736,513",0,0,#DIV/0!,0.00%,0,#DIV/0!,0.00%,#DIV/0!,$0 ,#DIV/0!,$0 ,#DIV/0!,$0.00 ,,,,,
10280,#N/A,#N/A,#N/A,#N/A,#N/A,#N/A,#N/A,#N/A,#N/A,#N/A,#N/A,#N/A,#N/A,#N/A,#N/A,#N/A,#N/A,#N/A,"3,363","$277,393,280 ","$1,529,667,022 ","$124,802,775 ","$596,100,362 ","$124,802,775 ","$596,052,303 ","$124,826,988 ","$688,350,236 ",45.00%,45.00%,"$124,826,988 ","$688,288,346 ","5,485","5,473","2,393,303","9,962,892","48,059","6,196",0.00%,0.00%,"88,742,112",5.80%,5.80%,"$279,493 ",$154 ,"$125,772 ",$69 ,"$16,215 ",$8.91 ,72%,28%,1%,20%,
10282,#N/A,#N/A,#N/A,#N/A,#N/A,#N/A,#N/A,#N/A,#N/A,#N/A,#N/A,#N/A,#N/A,#N/A,#N/A,#N/A,#N/A,#N/A,449,"$71,491,381 ","$1,123,026,004 ","$31,324,836 ","$418,697,412 ","$31,324,836 ","$418,697,412 ","$32,171,119 ","$505,361,702 ",45.00%,45.00%,"$32,171,119 ","$505,361,702 ","3,166","3,154","312,436","5,718,138",0,0,0.00%,0.00%,"65,151,231",5.80%,5.80%,"$356,064 ",$196 ,"$160,229 ",$88 ,"$20,657 ",$11.39 ,73%,28%,1%,12%,
10128,289,2638587266,9130060,29701745,74701915,258484,1092103,2151588,72550327,14503536,0.0055,0.0059,0.0283,0.0298,14933660,51674,0.0057,0.006,"5,627","$1,794,414,353 ","$8,441,284,383 ","$727,687,026 ","$3,138,049,341 ","$68,371,918 ","$246,896,793 ","$734,354,998 ","$3,584,891,973 ",42.47%,45.00%,"$69,081,527 ","$279,340,298 ","36,345","35,506","28,350,232","48,733,044","2,889,151,277","372,469,383",4.41%,5.17%,"462,164,273",5.48%,5.80%,"$237,742 ",$173 ,"$100,966 ",$74 ,"$13,017 ",$9.48 ,81%,19%,5%,10%,11%
10129,1,7421000,7421000,126965,294900,294900,0,0,294900,58953,0.0079,0.0079,0.0397,0.0397,58953,58953,0.0079,0.0079,13,"$5,645,564 ","$60,898,998 ","$2,513,835 ","$22,807,225 ","$219,124 ","$574,374 ","$2,540,506 ","$27,404,551 ",45.00%,45.00%,"$230,130 ","$659,140 ",201,191,"34,565","382,157","22,232,851","2,866,259",4.71%,4.31%,"3,532,995",5.80%,5.80%,"$318,843 ",$159 ,"$143,479 ",$72 ,"$18,497 ",$9.24 ,81%,19%,5%,10%,11%
10301,6971,3454559452,495562,83909046,176018076,25250,14711095,16637227,159380849,31861826,0.0092,0.0099,0.051,0.0533,35187774,5048,0.0102,0.0106,879,"$117,868,053 ","$425,002,985 ","$34,817,290 ","$138,472,444 ","$11,241,514 ","$31,932,360 ","$41,009,718 ","$155,074,957 ",36.49%,45.00%,"$13,712,419 ","$35,809,113 ","7,399","7,318","12,355,622","7,871,397","106,038,334","13,670,462",3.22%,4.70%,"19,992,263",4.70%,5.80%,"$58,076 ",$54 ,"$21,191 ",$20 ,"$2,732 ",$2.54 ,58%,42%,26%,5%,28%
10302,4147,1456499286,351218,34790771,77874952,18779,6790061,8207201,69667751,13927280,0.0096,0.0102,0.0535,0.0551,15567982,3754,0.0107,0.011,91,"$18,162,000 ","$59,099,001 ","$4,682,264 ","$15,733,640 ","$550,000 ","$2,420,841 ","$5,312,624 ","$16,816,252 ",28.45%,20.62%,"$770,860 ","$2,621,859 ",938,886,"894,772","751,585","13,277,969","1,711,796",2.90%,2.17%,"2,167,951",3.67%,2.66%,"$66,703 ",$79 ,"$18,980 ",$22 ,"$2,447 ",$2.88 ,61%,39%,20%,7%,39%
10303,5673,1704301234,300423,36836473,92684024,16338,7721006,9116443,83567581,16705995,0.0098,0.0105,0.0544,0.0567,18528463,3266,0.0109,0.0113,77,"$31,511,000 ","$77,877,000 ","$11,458,661 ","$25,736,039 ","$8,816,456 ","$18,944,261 ","$12,488,801 ","$30,208,136 ",38.79%,19.63%,"$9,867,566 ","$23,017,247 ","1,749","1,725","3,583,715","2,890,425","6,790,752","875,464",1.12%,2.01%,"3,894,433",5.00%,2.53%,"$45,146 ",$27 ,"$17,512 ",$10 ,"$2,258 ",$1.35 ,39%,61%,37%,7%,39%
10304,9200,4839910844,526077,96579528,246631498,26808,17104265,20760975,225870523,45153776,0.0093,0.0103,0.051,0.0553,49304103,5359,0.0102,0.011,481,"$78,514,632 ","$311,367,457 ","$23,356,815 ","$107,621,562 ","$7,477,715 ","$58,307,248 ","$27,982,345 ","$122,598,828 ",39.37%,45.00%,"$10,200,338 ","$68,299,578 ","6,016","5,928","22,754,302","5,921,568","49,198,862","6,342,717",2.04%,5.07%,"15,805,441",5.08%,5.80%,"$52,525 ",$53 ,"$20,681 ",$21 ,"$2,666 ",$2.67 ,51%,49%,27%,11%,27%
10305,11000,4417521468,401593,89044406,232269617,21115,20472820,25141602,207128015,41406961,0.0094,0.0102,0.0526,0.0556,46433019,4221,0.0105,0.0111,488,"$50,532,744 ","$161,918,331 ","$16,599,181 ","$50,654,653 ","$6,527,849 ","$19,143,630 ","$19,083,653 ","$64,052,541 ",39.56%,45.00%,"$7,861,451 ","$27,012,983 ","2,970","2,918","12,742,044","3,287,446","31,488,535","4,059,502",2.51%,4.96%,"8,257,654",5.10%,5.80%,"$55,489 ",$49 ,"$21,951 ",$19 ,"$2,830 ",$2.51 ,77%,23%,4%,12%,14%
10306,17102,7731794362,452099,159388581,402298169,23523,44514056,55125551,347172618,69403278,0.009,0.01,0.052,0.0553,80423427,4703,0.0104,0.011,501,"$52,756,013 ","$157,898,496 ","$17,038,547 ","$50,738,679 ","$2,746,551 ","$7,931,187 ","$20,112,317 ","$62,554,952 ",39.62%,45.00%,"$2,770,043 ","$8,300,089 ","2,995","2,943","11,503,467","3,371,270","42,802,880","5,518,147",3.49%,5.02%,"8,064,584",5.11%,5.80%,"$53,652 ",$47 ,"$21,256 ",$19 ,"$2,740 ",$2.39 ,89%,11%,3%,5%,13%
10307,4204,2462233935,585688,47389327,127531883,30336,8110416,9833185,117698698,23529147,0.0096,0.0102,0.0518,0.0542,25494899,6064,0.0104,0.0108,20,"$3,344,000 ","$8,916,330 ","$933,031 ","$2,530,367 ","$148,957 ","$377,220 ","$972,541 ","$2,926,689 ",32.82%,25.98%,"$150,398 ","$370,793 ",105,89,"342,778","208,425","2,151,706","277,398",3.11%,1.80%,"377,309",4.23%,3.35%,"$100,183 ",$43 ,"$32,884 ",$14 ,"$4,239 ",$1.81 ,94%,6%,0%,4%,8%
10308,8561,3957978170,462327,82137665,216536498,25293,21664372,26801177,189735321,37929988,0.0096,0.0104,0.0547,0.0567,43287811,5056,0.0109,0.0113,145,"$8,529,697 ","$22,675,809 ","$2,951,665 ","$7,649,413 ","$511,318 ","$1,350,533 ","$3,004,320 ","$8,816,076 ",38.88%,45.00%,"$521,750 ","$1,519,934 ",385,377,"1,641,051","1,042,573","6,298,880","812,052",3.58%,3.86%,"1,136,569",5.01%,5.80%,"$60,148 ",$22 ,"$23,385 ",$8 ,"$3,015 ",$1.09 ,94%,6%,0%,4%,10%
10309,10211,5581361153,546603,112381100,297102421,29096,24113100,29204773,267897648,53555419,0.0096,0.0107,0.0532,0.0573,59393745,5817,0.0106,0.0115,14,"$636,000 ","$2,507,000 ","$135,738 ","$699,173 ","$35,913 ","$335,233 ","$135,738 ","$699,173 ",27.89%,0.00%,"$35,913 ","$335,233 ",20,18,"1,746,366","1,277,275","363,940","46,919",1.87%,0.00%,"90,137",3.60%,0.00%,"$139,278 ",$2 ,"$38,843 ",$1 ,"$5,008 ",$0.07 ,92%,8%,2%,4%,11%
10310,5723,2336081005,408192,61221755,124739136,21796,10275283,11820199,112918937,22573625,0.0097,0.0102,0.0534,0.0545,24936601,4357,0.0107,0.0109,166,"$32,853,999 ","$83,622,995 ","$10,329,205 ","$26,868,031 ","$5,442,202 ","$13,885,696 ","$11,510,475 ","$30,246,152 ",36.17%,36.41%,"$6,232,600 ","$16,214,719 ","1,776","1,738","3,360,794","1,586,892","12,963,975","1,671,316",2.00%,3.85%,"3,899,334",4.66%,4.69%,"$48,114 ",$53 ,"$17,403 ",$19 ,"$2,244 ",$2.46 ,57%,43%,27%,6%,29%
10312,19860,9843465405,495643,203592351,534172577,26897,53362009,64660418,469512159,93860176,0.0095,0.0106,0.0543,0.0572,106786440,5377,0.0108,0.0114,109,"$5,354,980 ","$13,340,128 ","$1,321,106 ","$3,857,714 ","$86,155 ","$322,539 ","$1,321,106 ","$4,341,813 ",32.55%,45.00%,"$86,456 ","$346,435 ",205,198,"1,629,466","944,339","3,535,175","455,755",3.42%,3.86%,"559,747",4.20%,5.80%,"$67,374 ",$14 ,"$21,928 ",$5 ,"$2,827 ",$0.59 ,92%,8%,1%,5%,9%
10314,23769,11057906823,465224,223041643,577202061,24284,53960176,67312707,509889354,101931981,0.0092,0.0104,0.0522,0.0561,115388464,4855,0.0104,0.0112,"1,213","$38,988,531 ","$135,592,968 ","$14,146,122 ","$53,719,876 ","$4,746,077 ","$17,861,496 ","$15,886,279 ","$57,082,668 ",42.10%,45.00%,"$5,060,067 ","$15,315,696 ","2,555","2,531","73,357,986","7,822,093","35,836,780","4,620,078",3.41%,5.02%,"7,359,098",5.43%,5.80%,"$53,573 ",$17 ,"$22,553 ",$7 ,"$2,908 ",$0.94 ,77%,23%,4%,14%,12%
10451,532,205100133,385527,3956085,8490400,15959,1875903,4536129,3954271,790498,0.0039,0.0035,0.0414,0.0299,1697316,3190,0.0083,0.006,452,"$77,902,231 ","$902,301,148 ","$31,685,402 ","$344,630,348 ","$21,019,816 ","$245,065,398 ","$32,932,063 ","$389,253,253 ",43.14%,45.00%,"$21,325,177 ","$270,406,943 ","19,724","19,323","8,440,605","21,013,093","99,157,511","12,783,386",1.42%,0.30%,"50,182,529",5.56%,5.80%,"$46,696 ",$43 ,"$20,145 ",$19 ,"$2,597 ",$2.39 ,15%,85%,43%,2%,57%
10452,598,260845567,436197,3299766,8209682,13729,723614,1886524,6323158,1264063,0.0048,0.0043,0.0315,0.0246,1641198,2744,0.0063,0.0049,540,"$90,511,808 ","$1,001,851,828 ","$35,683,125 ","$375,175,290 ","$13,413,479 ","$143,739,292 ","$38,864,637 ","$434,532,422 ",43.37%,45.00%,"$14,098,536 ","$173,569,178 ","26,354","25,927","6,797,430","25,596,632","223,088,323","28,760,547",2.87%,1.97%,"56,019,920",5.59%,5.80%,"$38,641 ",$39 ,"$16,760 ",$17 ,"$2,161 ",$2.19 ,15%,85%,34%,1%,67%
10453,1200,517030540,430859,8551542,20309912,16925,1345343,2605220,17704692,3539345,0.0068,0.0066,0.0393,0.0374,4060155,3383,0.0079,0.0075,563,"$96,773,076 ","$1,039,092,445 ","$37,535,289 ","$387,746,687 ","$14,959,220 ","$173,719,183 ","$40,615,992 ","$453,929,404 ",43.69%,45.00%,"$17,065,160 ","$211,996,150 ","37,792","37,485","7,113,824","25,485,841","210,495,390","27,137,066",2.61%,4.10%,"58,520,579",5.63%,5.80%,"$27,720 ",$41 ,"$12,110 ",$18 ,"$1,561 ",$2.30 ,10%,90%,32%,1%,68%
10454,790,298208133,377479,4414365,12410785,15710,826791,2580446,9830339,1965183,0.0066,0.0064,0.0416,0.0457,2481040,3141,0.0083,0.0091,378,"$52,075,929 ","$709,469,037 ","$18,038,148 ","$254,051,274 ","$13,373,461 ","$200,746,765 ","$18,254,955 ","$285,402,093 ",40.23%,45.00%,"$13,368,774 ","$224,210,095 ","13,425","13,117","3,908,071","13,635,239","52,831,163","6,810,994",0.96%,0.91%,"36,794,038",5.19%,5.80%,"$54,088 ",$52 ,"$21,758 ",$21 ,"$2,805 ",$2.70 ,25%,75%,32%,1%,72%
10455,952,372681291,391472,6233227,15986609,16793,932965,3377365,12609244,2520714,0.0068,0.0061,0.0429,0.0427,3195883,3357,0.0086,0.0085,425,"$65,157,476 ","$622,398,687 ","$21,906,516 ","$218,769,895 ","$14,159,868 ","$157,742,206 ","$26,444,858 ","$253,789,316 ",40.78%,45.00%,"$16,866,108 ","$182,014,354 ","14,092","13,786","3,934,326","12,898,554","60,246,977","7,767,040",1.25%,1.12%,"32,718,519",5.26%,5.80%,"$45,147 ",$48 ,"$18,409 ",$20 ,"$2,373 ",$2.54 ,14%,86%,31%,0%,75%
10456,1860,690379703,371172,8932313,25305248,13605,1733488,6325182,18980066,3794305,0.0055,0.0052,0.0367,0.0331,5058772,2720,0.0073,0.0066,804,"$115,030,112 ","$1,143,378,082 ","$43,503,861 ","$417,877,812 ","$24,784,662 ","$267,536,435 ","$45,775,935 ","$479,280,982 ",41.92%,45.00%,"$26,703,097 ","$310,130,805 ","27,694","27,262","8,624,516","27,812,102","144,823,347","18,670,626",1.63%,1.08%,"61,788,904",5.40%,5.80%,"$41,940 ",$41 ,"$17,581 ",$17 ,"$2,266 ",$2.22 ,10%,90%,40%,1%,60%
10457,1658,680971092,410718,10355042,26792979,16160,1772155,4907264,21885715,4375173,0.0064,0.0065,0.0393,0.0406,5356184,3231,0.0079,0.0081,660,"$92,920,933 ","$1,011,055,063 ","$33,522,705 ","$364,064,315 ","$16,262,796 ","$155,092,936 ","$36,184,347 ","$415,894,278 ",41.13%,45.00%,"$17,874,363 ","$176,534,081 ","23,325","22,961","5,713,321","21,295,947","206,990,802","26,685,254",2.64%,2.22%,"53,617,090",5.30%,5.80%,"$44,034 ",$47 ,"$18,113 ",$20 ,"$2,335 ",$2.52 ,14%,86%,38%,1%,65%
10458,1375,584590303,425157,9440463,25829382,18785,1399004,2719192,23110190,4619958,0.0079,0.0082,0.0442,0.0443,5163552,3755,0.0088,0.0089,953,"$134,819,336 ","$1,199,029,560 ","$38,239,535 ","$400,504,385 ","$8,435,724 ","$91,227,043 ","$52,406,923 ","$467,278,685 ",38.97%,45.00%,"$9,503,868 ","$102,274,466 ","26,492","25,910","6,634,953","25,204,010","308,469,593","39,767,900",3.32%,4.12%,"60,241,568",5.02%,5.80%,"$46,277 ",$48 ,"$18,035 ",$19 ,"$2,325 ",$2.39 ,19%,81%,21%,3%,66%
10459,1820,671867642,369158,12183510,30340593,16671,1929132,4909612,25430981,5083907,0.0076,0.0079,0.0452,0.05,6065388,3333,0.009,0.01,654,"$81,870,480 ","$675,894,449 ","$29,246,799 ","$237,669,737 ","$18,326,299 ","$145,791,917 ","$32,279,416 ","$270,082,561 ",39.96%,45.00%,"$20,394,181 ","$166,632,145 ","14,600","14,195","4,967,069","15,587,321","90,623,363","11,683,164",1.73%,0.83%,"34,819,044",5.15%,5.80%,"$47,615 ",$43 ,"$19,027 ",$17 ,"$2,453 ",$2.23 ,12%,88%,31%,1%,70%
10460,1854,767556600,414000,13745577,37034907,19976,1963185,5240577,31794330,6356005,0.0083,0.0092,0.0483,0.0529,7403648,3993,0.0096,0.0106,608,"$98,707,223 ","$823,761,625 ","$33,368,231 ","$302,773,217 ","$15,124,070 ","$161,786,047 ","$36,020,893 ","$339,262,711 ",41.18%,45.00%,"$16,879,153 ","$180,162,628 ","18,323","17,974","5,218,195","16,642,248","140,154,985","18,068,781",2.19%,2.30%,"43,737,749",5.31%,5.80%,"$45,831 ",$49 ,"$18,875 ",$20 ,"$2,433 ",$2.63 ,13%,87%,27%,2%,71%
10461,4292,2061872236,480399,40288721,112548598,26223,8570778,12412046,100136552,20018298,0.0097,0.0105,0.0546,0.056,22499590,5242,0.0109,0.0112,731,"$96,294,671 ","$541,761,862 ","$26,821,553 ","$168,412,589 ","$2,706,555 ","$18,262,623 ","$27,296,204 ","$188,148,439 ",34.73%,27.99%,"$2,809,305 ","$19,915,222 ","9,675","9,371","4,846,743","9,831,055","149,767,826","19,308,068",3.56%,2.76%,"24,256,097",4.48%,3.61%,"$57,813 ",$55 ,"$20,078 ",$19 ,"$2,588 ",$2.47 ,50%,50%,8%,10%,40%
10462,3683,1655038968,449373,31669806,89498686,24300,5712015,8385085,81113601,16215420,0.0098,0.0104,0.0541,0.0553,17891682,4858,0.0108,0.011,"12,775","$127,788,505 ","$1,157,853,891 ","$40,509,680 ","$429,587,237 ","$4,444,419 ","$174,548,458 ","$42,136,236 ","$483,578,306 ",41.77%,45.00%,"$4,548,891 ","$186,624,585 ","25,163","24,874","11,262,040","62,968,857","254,588,010","32,821,486",2.83%,1.76%,"62,342,915",5.38%,5.80%,"$46,549 ",$18 ,"$19,441 ",$8 ,"$2,506 ",$0.99 ,23%,77%,28%,12%,47%
10463,1798,1202234719,668651,22269277,54328118,30216,5458815,7098015,47230103,9441770,0.0079,0.0087,0.0452,0.0469,10860734,6040,0.009,0.0094,"1,030","$252,768,291 ","$1,629,211,240 ","$95,528,725 ","$633,184,258 ","$35,461,015 ","$178,213,038 ","$110,794,684 ","$722,966,548 ",44.38%,45.00%,"$42,311,639 ","$199,513,292 ","27,600","27,391","14,201,426","32,055,006","454,561,891","58,602,119",3.60%,3.98%,"93,204,847",5.72%,5.80%,"$59,480 ",$51 ,"$26,394 ",$23 ,"$3,403 ",$2.91 ,45%,55%,16%,4%,49%
10464,1493,699831446,468742,15060146,36475884,24431,2684788,3439453,33036431,6604313,0.0094,0.0101,0.0521,0.0553,7291894,4884,0.0104,0.0111,59,"$6,414,999 ","$32,569,999 ","$2,432,040 ","$9,821,995 ","$1,109,808 ","$2,921,423 ","$2,432,040 ","$10,222,884 ",31.39%,31.14%,"$1,111,112 ","$3,033,669 ",450,434,"1,138,211","600,390","6,900,572","889,622",2.73%,3.69%,"1,317,934",4.05%,4.01%,"$75,046 ",$54 ,"$23,555 ",$17 ,"$3,037 ",$2.20 ,82%,18%,2%,0%,22%
10465,2377,1293336639,544105,27441078,69712140,29328,6643087,8850474,60861666,12166856,0.0094,0.0105,0.0539,0.0576,13936154,5863,0.0108,0.0115,286,"$49,070,318 ","$191,532,001 ","$16,130,369 ","$65,784,651 ","$10,019,012 ","$40,251,626 ","$18,237,089 ","$73,470,548 ",38.36%,45.00%,"$12,127,588 ","$45,799,130 ","3,456","3,416","5,297,419","4,571,265","25,441,922","3,279,973",1.71%,4.17%,"9,471,823",4.95%,5.80%,"$56,069 ",$42 ,"$21,508 ",$16 ,"$2,773 ",$2.07 ,64%,36%,10%,4%,36%
10466,5,24812000,4962400,514803,514803,102961,514803,514803,0,0,0,0,0.0207,0.0224,102914,20583,0.0041,0.0045,461,"$97,545,010 ","$475,688,010 ","$32,151,413 ","$163,400,155 ","$11,583,555 ","$62,134,629 ","$32,579,825 ","$185,171,982 ",38.93%,28.00%,"$11,635,726 ","$71,169,468 ","9,409","9,284","5,407,503","8,324,515","100,698,273","12,982,021",2.73%,3.29%,"23,872,372",5.02%,3.61%,"$51,237 ",$57 ,"$19,945 ",$22 ,"$2,571 ",$2.87 ,8%,92%,74%,2%,22%
10467,3226,1472622876,456486,26638139,75957395,23545,4030295,7182310,68775085,13748827,0.0093,0.0099,0.0516,0.0524,15184643,4707,0.0103,0.0105,"1,201","$183,635,639 ","$1,372,600,004 ","$63,356,156 ","$503,402,675 ","$17,048,544 ","$142,174,306 ","$65,376,198 ","$562,701,479 ",41.00%,45.00%,"$17,928,443 ","$150,171,073 ","44,351","43,967","30,453,170","31,082,893","359,089,611","46,293,833",3.37%,4.12%,"72,543,475",5.29%,5.80%,"$31,219 ",$44 ,"$12,798 ",$18 ,"$1,650 ",$2.33 ,20%,80%,37%,7%,48%
10468,749,356160600,475515,5637687,15100375,20161,975694,1890466,13209909,2640793,0.0074,0.008,0.0424,0.0424,3018716,4030,0.0085,0.0085,636,"$108,079,035 ","$1,012,723,011 ","$33,083,337 ","$380,120,035 ","$5,700,070 ","$64,616,941 ","$45,226,867 ","$439,091,255 ",43.36%,45.00%,"$6,892,262 ","$72,653,176 ","24,712","24,304","6,928,906","25,002,703","314,466,244","40,540,988",4.00%,4.71%,"56,607,645",5.59%,5.80%,"$41,669 ",$41 ,"$18,067 ",$18 ,"$2,329 ",$2.26 ,14%,86%,23%,4%,71%
10469,20240,8749025294,432264,168982915,474810719,23459,30826188,44167010,430643709,86089984,0.0098,0.0105,0.0543,0.0558,94919411,4690,0.0108,0.0112,236,"$61,466,010 ","$277,192,443 ","$17,060,155 ","$83,847,800 ","$7,213,828 ","$43,144,706 ","$17,211,299 ","$92,973,106 ",33.54%,16.71%,"$7,364,972 ","$48,403,168 ","17,505","17,418","2,788,846","4,298,022","40,599,900","5,234,139",1.89%,2.03%,"11,986,093",4.32%,2.15%,"$15,914 ",$64 ,"$5,338 ",$22 ,$688 ,$2.79 ,20%,80%,54%,5%,26%
10470,1077,516982200,480021,10286996,28935819,26867,2003962,2741492,26194327,5236508,0.0101,0.0108,0.056,0.0576,5784560,5371,0.0112,0.0115,165,"$27,469,010 ","$172,210,010 ","$8,598,247 ","$58,020,623 ","$1,320,389 ","$7,383,794 ","$8,929,087 ","$63,440,590 ",36.84%,25.22%,"$1,346,980 ","$7,355,583 ","3,240","3,159","1,059,740","2,950,810","50,422,179","6,500,427",3.77%,3.23%,"8,178,761",4.75%,3.25%,"$54,514 ",$58 ,"$20,082 ",$21 ,"$2,589 ",$2.77 ,45%,55%,34%,4%,20%
10471,2237,2211371524,988543,38842491,107248320,47943,5160235,6838195,100410125,20072988,0.0091,0.0098,0.0485,0.0519,21440012,9584,0.0097,0.0104,354,"$104,558,189 ","$494,447,062 ","$43,177,884 ","$192,709,918 ","$9,513,535 ","$23,840,048 ","$45,590,904 ","$218,533,717 ",44.20%,45.00%,"$10,102,047 ","$25,481,647 ","7,859","7,825","7,228,302","8,624,955","168,869,870","21,770,704",4.40%,4.95%,"28,173,367",5.70%,5.80%,"$63,188 ",$57 ,"$27,928 ",$25 ,"$3,600 ",$3.27 ,70%,30%,8%,9%,23%
10472,3095,1362073534,440088,25986033,74340364,24020,4491555,7362311,66978053,13389583,0.0098,0.0107,0.0546,0.0571,14861382,4802,0.0109,0.0114,957,"$206,923,833 ","$840,236,683 ","$52,440,163 ","$251,909,689 ","$16,634,435 ","$84,717,983 ","$53,108,545 ","$282,857,096 ",33.66%,18.89%,"$17,112,255 ","$99,445,022 ","28,577","28,335","8,329,958","15,272,182","166,947,806","21,522,911",2.56%,2.36%,"36,465,937",4.34%,2.44%,"$29,654 ",$55 ,"$9,983 ",$19 ,"$1,287 ",$2.39 ,16%,84%,29%,6%,64%
10473,5308,2148854680,404833,37578664,107021818,20162,8769591,19569066,87452752,17482680,0.0081,0.0099,0.0498,0.0554,21394732,4031,0.01,0.0111,299,"$100,963,648 ","$508,327,236 ","$38,650,361 ","$194,808,458 ","$27,415,709 ","$139,560,490 ","$42,466,131 ","$218,749,115 ",43.03%,45.00%,"$29,467,463 ","$156,767,628 ","12,381","12,340","9,495,492","13,412,568","55,247,968","7,122,568",1.40%,3.63%,"28,201,136",5.55%,5.80%,"$41,193 ",$38 ,"$17,727 ",$16 ,"$2,285 ",$2.10 ,25%,75%,42%,2%,59%
10474,355,164325550,462889,1962757,5558464,15658,380649,1227944,4330520,865714,0.0053,0.0054,0.0338,0.0298,1111193,3130,0.0068,0.006,130,"$15,742,930 ","$138,757,000 ","$4,823,805 ","$46,446,685 ","$1,463,395 ","$25,792,742 ","$5,207,587 ","$54,892,430 ",39.56%,45.00%,"$1,578,620 ","$31,027,589 ","3,293","3,229","856,448","3,103,715","20,469,830","2,638,970",1.90%,1.67%,"7,076,732",5.10%,5.80%,"$42,972 ",$45 ,"$17,000 ",$18 ,"$2,192 ",$2.28 ,25%,75%,32%,0%,70%
10475,218,118859351,545226,3416031,6168038,28294,1941102,2099717,4068321,813298,0.0068,0.0108,0.0519,0.06,1233052,5656,0.0104,0.012,19,"$94,020,000 ","$699,300,140 ","$41,488,905 ","$284,120,761 ","$40,210,136 ","$278,004,912 ","$41,450,638 ","$313,244,278 ",44.79%,45.00%,"$40,175,059 ","$306,601,609 ","16,545","16,496","8,028,418","20,374,403","6,115,849","788,455",0.11%,0.08%,"40,383,452",5.77%,5.80%,"$42,392 ",$34 ,"$18,989 ",$15 ,"$2,448 ",$1.98 ,17%,83%,59%,1%,33%
10803,67,44001160,656734,1247603,2484372,37080,394931,419825,2064547,412724,0.0094,0.0113,0.0565,0.06,496651,7413,0.0113,0.012,0,$0 ,$0 ,$0 ,$0 ,$0 ,$0 ,$0 ,$0 ,#DIV/0!,#NUM!,$0 ,$0 ,0,0,0,0,0,0,#DIV/0!,#NUM!,0,#DIV/0!,#NUM!,#DIV/0!,#DIV/0!,#DIV/0!,#DIV/0!,#DIV/0!,#DIV/0!,80%,20%,8%,5%,9%
11001,1225,714064373,582910,16983858,36055284,29433,2854607,3239183,32816101,6560267,0.0092,0.0096,0.0505,0.0512,7207812,5884,0.0101,0.0102,3,"$1,338,000 ","$3,637,000 ","$392,734 ","$1,069,206 ",$0 ,$0 ,"$392,734 ","$1,215,916 ",33.43%,8.20%,$0 ,$0 ,45,43,"81,492","42,155","1,069,206","137,842",3.79%,1.06%,"156,756",4.31%,1.06%,"$84,581 ",$86 ,"$28,277 ",$29 ,"$3,645 ",$3.72 ,71%,29%,6%,16%,11%
11004,2414,1525975037,632135,37722554,81329353,33691,6368698,7377739,73951614,14783667,0.0097,0.0101,0.0533,0.0539,16258551,6735,0.0107,0.0108,23,"$47,553,000 ","$180,314,398 ","$21,105,495 ","$70,795,922 ","$4,739,481 ","$23,844,091 ","$21,105,495 ","$80,554,532 ",44.67%,45.00%,"$4,922,511 ","$28,052,268 ","2,680","2,673","5,000,881","2,029,455","46,946,465","6,052,338",3.36%,3.22%,"10,385,090",5.76%,5.80%,"$67,458 ",$89 ,"$30,136 ",$40 ,"$3,885 ",$5.12 ,49%,51%,7%,35%,11%
11005,#N/A,#N/A,#N/A,#N/A,#N/A,#N/A,#N/A,#N/A,#N/A,#N/A,#N/A,#N/A,#N/A,#N/A,#N/A,#N/A,#N/A,#N/A,1,"$211,415,000 ","$347,424,000 ","$95,136,750 ","$141,934,498 ","$16,033,271 ","$16,033,271 ","$95,136,750 ","$156,340,800 ",45.00%,45.00%,"$17,274,897 ","$17,274,897 ","1,866","1,844","4,228,300","3,750,565","125,901,227","16,231,186",4.67%,4.67%,"20,155,456",5.80%,5.80%,"$188,408 ",$93 ,"$84,784 ",$42 ,"$10,930 ",$5.37 ,76%,24%,2%,11%,
11040,573,353784043,617424,8909615,18806876,32822,1430875,1677150,17129726,3424404,0.0097,0.0101,0.0532,0.0539,3759683,6561,0.0106,0.0108,3,"$3,200,000 ","$13,116,000 ","$1,440,000 ","$5,303,790 ","$671,748 ","$671,748 ","$1,440,000 ","$5,902,200 ",45.00%,45.00%,"$699,852 ","$699,852 ",208,208,"303,343","167,090","4,632,042","597,163",4.55%,4.56%,"760,912",5.80%,5.80%,"$63,058 ",$78 ,"$28,376 ",$35 ,"$3,658 ",$4.55 ,56%,44%,1%,34%,11%
11101,812,646157671,795761,10230444,24618646,30319,1463675,2022556,22596090,4517184,0.007,0.0069,0.0381,0.0365,4921514,6061,0.0076,0.0073,"2,669","$204,366,830 ","$1,650,670,871 ","$60,687,445 ","$584,192,470 ","$19,696,887 ","$430,641,310 ","$77,478,204 ","$664,470,873 ",40.25%,45.00%,"$23,848,346 ","$484,563,509 ","20,241","19,870","18,668,453","18,036,079","153,289,004","19,762,018",1.20%,0.53%,"85,663,585",5.19%,5.80%,"$83,074 ",$92 ,"$33,441 ",$37 ,"$4,311 ",$4.75 ,49%,51%,18%,19%,31%
11102,1869,1675193686,896305,18385882,62145311,33251,3340496,6146532,55998779,11194716,0.0067,0.0071,0.0371,0.038,12423469,6647,0.0074,0.0076,"1,937","$181,580,284 ","$1,123,988,856 ","$56,571,026 ","$339,522,689 ","$15,822,741 ","$122,500,550 ","$58,347,763 ","$382,592,696 ",34.04%,45.00%,"$16,772,501 ","$135,093,297 ","11,293","10,990","5,677,566","10,306,735","216,848,342","27,956,088",2.49%,2.35%,"49,323,850",4.39%,5.80%,"$102,274 ",$109 ,"$34,813 ",$37 ,"$4,488 ",$4.79 ,57%,43%,10%,14%,34%
11103,2902,2730540805,940917,27217153,107079780,36899,4994743,8795639,98284141,19647983,0.0072,0.0076,0.0392,0.0401,21406319,7376,0.0078,0.008,"1,366","$198,741,639 ","$1,065,670,073 ","$53,334,892 ","$261,270,823 ","$5,304,698 ","$36,102,552 ","$53,610,489 ","$294,976,292 ",27.68%,18.01%,"$5,263,396 ","$37,372,849 ","11,014","10,623","3,907,294","8,330,457","225,028,581","29,010,685",2.72%,1.83%,"38,028,344",3.57%,2.32%,"$100,317 ",$128 ,"$27,768 ",$35 ,"$3,580 ",$4.56 ,75%,25%,3%,15%,23%
11104,1339,1142856499,853515,10736094,43036286,32141,2481287,3728667,39307619,7857986,0.0069,0.0071,0.0377,0.0381,8603384,6425,0.0075,0.0076,875,"$83,073,336 ","$770,440,612 ","$33,583,613 ","$262,273,595 ","$2,090,537 ","$10,357,016 ","$33,870,869 ","$308,121,293 ",39.99%,45.00%,"$2,225,940 ","$11,356,296 ","10,565","10,427","6,382,816","9,109,727","251,914,419","32,476,807",4.22%,4.70%,"39,722,997",5.16%,5.80%,"$73,889 ",$85 ,"$29,550 ",$34 ,"$3,810 ",$4.36 ,66%,34%,1%,25%,30%
11105,4604,4133516040,897810,40819185,159475709,34639,8843509,15486509,143989200,28784881,0.007,0.0073,0.0386,0.0386,31880789,6925,0.0077,0.0077,826,"$165,001,251 ","$664,146,162 ","$48,941,419 ","$205,124,204 ","$5,269,275 ","$23,519,552 ","$49,154,662 ","$227,737,829 ",34.29%,38.46%,"$5,309,690 ","$24,525,203 ","7,610","7,369","3,491,098","6,787,771","181,601,232","23,412,031",3.53%,2.75%,"29,359,961",4.42%,4.96%,"$90,127 ",$98 ,"$30,905 ",$34 ,"$3,984 ",$4.33 ,76%,24%,2%,11%,22%
11106,1955,1684446310,861609,17730385,65934601,33726,2984252,5678169,60256432,12045863,0.0072,0.0075,0.0391,0.0397,13180986,6742,0.0078,0.0079,"1,244","$198,378,052 ","$1,220,174,800 ","$70,157,206 ","$387,261,109 ","$25,463,609 ","$120,605,443 ","$72,217,487 ","$444,910,476 ",36.46%,45.00%,"$25,510,606 ","$131,372,915 ","15,503","15,260","10,163,972","12,789,516","266,481,546","34,354,801",2.82%,1.84%,"57,357,859",4.70%,5.80%,"$79,959 ",$95 ,"$29,155 ",$35 ,"$3,759 ",$4.48 ,59%,41%,8%,16%,31%
11109,#N/A,#N/A,#N/A,#N/A,#N/A,#N/A,#N/A,#N/A,#N/A,#N/A,#N/A,#N/A,#N/A,#N/A,#N/A,#N/A,#N/A,#N/A,196,"$62,201,359 ","$928,966,005 ","$24,007,633 ","$365,089,559 ","$24,007,633 ","$365,089,559 ","$27,977,252 ","$418,006,991 ",45.00%,45.00%,"$27,977,252 ","$418,006,991 ","4,372","4,325","1,119,968","5,137,402",0,0,0.00%,0.00%,"53,889,461",5.80%,5.80%,"$214,790 ",$181 ,"$96,649 ",$81 ,"$12,460 ",$10.49 ,71%,29%,5%,18%,
11201,1471,5159588672,3507538,23401215,99833104,67868,1530452,2724409,97108695,19412999,0.0038,0.0038,0.0193,0.0193,19957636,13567,0.0039,0.0039,"6,114","$774,453,557 ","$5,182,009,363 ","$259,187,302 ","$1,667,858,795 ","$65,918,904 ","$725,559,093 ","$265,313,073 ","$1,953,405,933 ",37.70%,45.00%,"$66,873,088 ","$856,633,145 ","37,044","36,417","26,204,943","49,136,962","939,232,044","121,085,795",2.34%,1.40%,"251,833,093",4.86%,5.80%,"$142,296 ",$105 ,"$53,640 ",$40 ,"$6,915 ",$5.13 ,65%,35%,14%,10%,14%
11203,9504,4518986342,475483,116615920,219320527,23077,17735112,20571206,198749321,39731977,0.0088,0.0093,0.0485,0.0495,43844367,4613,0.0097,0.0099,"1,077","$127,552,089 ","$781,009,461 ","$36,787,746 ","$239,347,155 ","$11,383,514 ","$64,552,384 ","$45,157,796 ","$276,204,789 ",35.37%,36.27%,"$11,620,088 ","$74,967,231 ","12,548","12,149","5,134,528","11,246,552","174,780,251","22,532,670",2.89%,3.45%,"35,608,321",4.56%,4.68%,"$64,286 ",$69 ,"$22,735 ",$25 ,"$2,931 ",$3.17 ,4%,96%,90%,1%,6%
11204,8462,8069713644,953641,97169542,298582333,35285,18088461,31187809,267394524,53454839,0.0066,0.0068,0.037,0.0366,59689594,7054,0.0074,0.0073,"2,086","$250,235,587 ","$902,024,200 ","$63,932,317 ","$237,601,062 ","$6,093,385 ","$27,496,003 ","$64,422,412 ","$269,065,561 ",29.83%,21.33%,"$6,051,756 ","$31,301,407 ","11,844","11,418","9,324,310","12,833,119","209,912,428","27,061,910",3.00%,2.20%,"34,687,932",3.85%,2.75%,"$79,000 ",$70 ,"$23,565 ",$21 ,"$3,038 ",$2.70 ,65%,35%,1%,29%,11%
11205,1609,2106482836,1309188,11756590,39469877,24531,2041115,5143292,34326585,6862228,0.0033,0.003,0.0187,0.0164,7890423,4904,0.0037,0.0033,"3,258","$290,658,696 ","$1,609,884,389 ","$72,131,523 ","$470,727,459 ","$33,367,739 ","$254,937,985 ","$74,577,890 ","$520,973,329 ",32.36%,45.00%,"$33,713,235 ","$274,025,832 ","15,238","14,848","11,001,030","19,025,217","214,686,555","27,677,391",1.72%,0.54%,"67,163,882",4.17%,5.80%,"$108,424 ",$85 ,"$35,087 ",$27 ,"$4,523 ",$3.53 ,46%,54%,32%,7%,21%
11206,2214,1630699766,736540,14008374,44048300,19895,2142889,7359986,36688314,7334361,0.0045,0.0038,0.027,0.0258,8805696,3977,0.0054,0.0052,"3,572","$253,111,431 ","$2,109,279,013 ","$81,679,748 ","$622,482,601 ","$52,032,337 ","$464,291,042 ","$86,229,492 ","$713,079,575 ",33.81%,40.56%,"$53,889,772 ","$536,568,222 ","28,447","27,856","15,281,383","30,057,928","157,787,888","20,342,015",0.96%,0.61%,"91,930,219",4.36%,5.23%,"$75,721 ",$70 ,"$25,599 ",$24 ,"$3,300 ",$3.06 ,45%,55%,26%,5%,44%
11207,8759,4593520337,524434,64085228,147581230,16849,14973255,27166749,120414481,24072059,0.0052,0.005,0.0321,0.0333,29502964,3368,0.0064,0.0067,"2,367","$159,215,329 ","$903,151,045 ","$57,338,657 ","$269,902,453 ","$40,644,097 ","$160,409,569 ","$57,677,027 ","$316,290,230 ",35.02%,45.00%,"$41,412,783 ","$194,080,516 ","16,421","15,989","8,266,969","17,189,429","108,844,152","14,032,188",1.55%,4.06%,"40,776,136",4.51%,5.80%,"$56,486 ",$53 ,"$19,782 ",$18 ,"$2,550 ",$2.37 ,15%,85%,66%,1%,34%
11208,9581,4546869120,474571,84438979,183249403,19126,10932849,18890074,164359329,32857073,0.0072,0.0078,0.0403,0.0427,36633388,3824,0.0081,0.0085,949,"$145,685,357 ","$591,009,388 ","$50,118,820 ","$192,059,806 ","$37,820,531 ","$120,323,374 ","$53,546,060 ","$217,535,196 ",36.81%,31.53%,"$39,782,019 ","$135,979,073 ","13,219","12,924","8,634,980","13,157,452","71,722,751","9,246,497",1.56%,3.46%,"28,044,637",4.75%,4.06%,"$45,730 ",$45 ,"$16,832 ",$17 ,"$2,170 ",$2.13 ,29%,71%,55%,5%,41%
11209,7558,7555096462,999616,91400185,304591687,40301,15000672,24466554,280125133,55999815,0.0074,0.0077,0.0403,0.0405,60890924,8056,0.0081,0.0081,"1,325","$181,028,438 ","$1,579,344,768 ","$65,928,302 ","$497,015,955 ","$10,126,489 ","$22,288,012 ","$67,126,185 ","$585,527,448 ",37.07%,45.00%,"$10,678,811 ","$24,607,228 ","20,099","19,437","10,660,648","19,630,130","474,706,869","61,199,210",3.87%,2.86%,"75,486,199",4.78%,5.80%,"$81,255 ",$80 ,"$30,124 ",$30 ,"$3,884 ",$3.85 ,76%,24%,2%,13%,16%
11210,7876,5911267920,750542,105943040,253525578,32190,13668970,16626033,236899545,47358588,0.008,0.0084,0.0429,0.0445,50682298,6435,0.0086,0.0089,334,"$83,009,678 ","$545,530,008 ","$32,919,310 ","$191,212,260 ","$3,344,659 ","$15,490,494 ","$33,556,714 ","$224,162,772 ",41.09%,45.00%,"$3,511,647 ","$17,430,224 ","10,724","10,569","3,329,200","10,731,798","175,431,114","22,616,579",4.15%,2.16%,"28,899,065",5.30%,5.80%,"$51,616 ",$51 ,"$21,209 ",$21 ,"$2,734 ",$2.69 ,32%,68%,58%,4%,7%
11211,2695,2985491645,1107789,17821862,63298059,23487,2592789,5893088,57404971,11475828,0.0038,0.0035,0.0212,0.0211,12653915,4695,0.0042,0.0042,"4,750","$387,804,449 ","$3,003,158,683 ","$103,535,190 ","$742,847,226 ","$30,795,454 ","$349,745,853 ","$109,554,434 ","$851,220,698 ",28.34%,37.93%,"$32,679,131 ","$405,513,117 ","24,477","23,324","12,564,052","27,221,159","392,644,397","50,619,716",1.69%,0.65%,"109,739,372",3.65%,4.89%,"$128,758 ",$110 ,"$36,495 ",$31 ,"$4,705 ",$4.03 ,79%,21%,5%,4%,26%
11212,3985,1733703640,435057,45301105,72116712,18097,6739035,10021066,62095646,12413541,0.0072,0.0088,0.0416,0.0497,14416852,3618,0.0083,0.0099,"1,727","$221,770,614 ","$1,173,145,162 ","$74,091,473 ","$395,545,304 ","$38,623,848 ","$205,423,226 ","$78,917,977 ","$473,497,812 ",40.36%,36.30%,"$42,760,070 ","$255,005,463 ","23,969","23,622","11,131,548","21,542,987","190,032,208","24,498,952",2.09%,4.30%,"61,043,338",5.20%,4.68%,"$49,663 ",$54 ,"$20,045 ",$22 ,"$2,584 ",$2.83 ,4%,96%,86%,1%,15%
11213,3748,2906849624,775574,37717583,85924413,22925,6078937,10023788,75900625,15173294,0.0052,0.0053,0.0296,0.0294,17177149,4583,0.0059,0.0059,"1,406","$159,303,530 ","$1,313,006,032 ","$42,553,922 ","$343,863,671 ","$11,748,188 ","$128,485,804 ","$45,765,829 ","$415,948,456 ",31.68%,45.00%,"$13,602,576 ","$153,823,315 ","18,858","18,452","7,090,587","18,826,131","215,129,576","27,734,505",2.11%,1.42%,"53,624,075",4.08%,5.80%,"$71,158 ",$70 ,"$22,542 ",$22 ,"$2,906 ",$2.85 ,20%,80%,70%,2%,11%
11214,8585,7025544460,818351,81494335,282899443,32953,17419345,44005005,238894438,47757387,0.0068,0.0072,0.0403,0.0412,56554428,6588,0.008,0.0082,"1,769","$248,647,845 ","$1,129,937,262 ","$74,918,266 ","$335,145,234 ","$12,718,928 ","$42,520,213 ","$75,731,863 ","$389,061,624 ",34.43%,22.89%,"$12,798,793 ","$47,053,281 ","16,581","16,263","10,647,779","16,924,245","292,484,536","37,707,106",3.34%,2.35%,"50,157,825",4.44%,2.95%,"$69,479 ",$67 ,"$23,923 ",$23 ,"$3,084 ",$2.96 ,55%,45%,1%,35%,14%
11215,6256,12388670436,1980286,44433152,186845485,29867,7311677,11568198,175277287,35039682,0.0028,0.0026,0.0151,0.014,37352281,5971,0.003,0.0028,"4,859","$534,746,309 ","$4,013,664,902 ","$84,488,860 ","$620,716,964 ","$18,227,806 ","$153,122,397 ","$86,445,661 ","$692,577,565 ",17.26%,17.45%,"$18,438,014 ","$175,410,329 ","20,236","19,430","9,217,583","21,724,779","466,256,422","60,109,778",1.50%,0.77%,"89,287,100",2.22%,2.25%,"$206,571 ",$185 ,"$35,645 ",$32 ,"$4,595 ",$4.11 ,74%,26%,5%,8%,18%
11216,3847,3558155725,924917,22842946,74187296,19284,4043209,9518975,64668321,12927844,0.0036,0.0034,0.0208,0.0189,14830782,3855,0.0042,0.0038,"2,562","$161,268,143 ","$1,276,522,449 ","$42,522,518 ","$305,304,934 ","$10,403,546 ","$99,399,705 ","$46,806,547 ","$356,146,233 ",27.90%,31.80%,"$11,227,646 ","$120,467,541 ","17,934","17,287","9,765,329","15,431,933","204,969,062","26,424,611",2.07%,2.19%,"45,914,372",3.60%,4.10%,"$73,843 ",$83 ,"$20,602 ",$23 ,"$2,656 ",$2.98 ,18%,82%,72%,4%,10%
11217,2448,5455426051,2228524,20117141,84894091,34679,2905088,5192092,79701999,15933227,0.0029,0.0027,0.0156,0.0147,16971178,6933,0.0031,0.0029,"2,804","$399,556,331 ","$2,278,890,447 ","$70,024,485 ","$405,178,746 ","$19,699,201 ","$147,058,393 ","$70,717,187 ","$455,498,379 ",19.99%,18.75%,"$19,704,273 ","$173,672,117 ","16,058","15,471","6,271,165","15,410,805","257,374,731","33,180,750",1.46%,1.22%,"58,722,851",2.58%,2.42%,"$147,301 ",$148 ,"$29,442 ",$30 ,"$3,796 ",$3.81 ,55%,45%,20%,7%,22%
11218,5882,5726419680,973550,67039621,165614480,28156,9574839,15352630,150261850,30038846,0.0052,0.0055,0.0289,0.0303,33107991,5629,0.0058,0.0061,"1,466","$182,224,894 ","$1,137,376,218 ","$57,224,999 ","$348,706,430 ","$9,249,999 ","$44,561,892 ","$59,306,136 ","$411,015,691 ",36.14%,45.00%,"$11,233,114 ","$49,624,608 ","16,773","16,457","6,478,342","17,897,744","303,936,947","39,183,551",3.45%,1.96%,"52,988,143",4.66%,5.80%,"$69,112 ",$64 ,"$24,975 ",$23 ,"$3,220 ",$2.96 ,57%,43%,8%,17%,20%
11219,7265,7210679748,992523,102469322,275480439,37919,15179457,28163726,247316713,49441084,0.0069,0.0069,0.0382,0.0377,55071295,7580,0.0076,0.0075,"2,524","$237,685,349 ","$1,142,200,783 ","$62,019,680 ","$293,070,581 ","$9,323,599 ","$60,060,068 ","$62,131,201 ","$329,063,273 ",28.81%,19.20%,"$9,366,705 ","$64,424,340 ","13,527","12,986","7,797,793","16,806,220","232,934,935","30,029,972",2.63%,1.56%,"42,422,837",3.71%,2.47%,"$87,956 ",$68 ,"$25,340 ",$20 ,"$3,267 ",$2.52 ,66%,34%,1%,26%,13%
11220,6487,6197570117,955383,63201976,185049382,28526,9546636,14315165,170734217,34131477,0.0055,0.0055,0.0299,0.0292,36993222,5703,0.006,0.0058,"2,558","$200,526,303 ","$1,595,332,330 ","$41,018,313 ","$307,817,024 ","$8,958,308 ","$68,693,356 ","$41,714,224 ","$339,336,648 ",21.27%,17.20%,"$9,040,111 ","$76,087,836 ","15,505","14,611","6,128,654","14,119,911","238,653,848","30,767,254",1.93%,1.52%,"43,747,281",2.74%,2.22%,"$109,187 ",$113 ,"$23,225 ",$24 ,"$2,994 ",$3.10 ,30%,70%,2%,41%,41%
11221,6797,5076213223,746831,40600007,117319280,17260,6388425,14879819,102439461,20478673,0.004,0.0034,0.0231,0.0189,23453297,3451,0.0046,0.0038,"1,928","$178,998,362 ","$1,091,580,985 ","$45,511,442 ","$278,506,609 ","$21,589,397 ","$149,124,771 ","$54,676,008 ","$318,643,054 ",29.19%,20.87%,"$28,272,987 ","$178,982,115 ","17,212","16,663","7,362,244","15,229,819","128,617,641","16,581,386",1.52%,1.44%,"41,079,463",3.76%,2.69%,"$65,509 ",$72 ,"$19,123 ",$21 ,"$2,465 ",$2.70 ,30%,70%,57%,3%,39%
11222,2502,2814494865,1124898,15623129,58724857,23471,2912417,4504513,54220344,10839189,0.0039,0.0038,0.0209,0.0208,11739686,4692,0.0042,0.0042,"2,959","$285,229,321 ","$1,973,936,089 ","$45,843,314 ","$325,897,110 ","$6,702,632 ","$113,540,181 ","$51,950,614 ","$368,364,021 ",18.66%,12.92%,"$7,702,939 ","$124,496,605 ","15,078","14,428","6,548,796","13,277,447","212,081,105","27,341,496",1.39%,0.93%,"47,489,490",2.41%,1.67%,"$136,813 ",$149 ,"$25,531 ",$28 ,"$3,291 ",$3.58 ,84%,16%,3%,6%,12%
11223,9204,9178246667,997202,87751863,312940613,34001,17473744,31158149,281782464,56331132,0.0061,0.0069,0.0341,0.0373,62559958,6797,0.0068,0.0075,"1,195","$199,242,080 ","$874,965,864 ","$68,687,753 ","$267,377,922 ","$19,866,203 ","$60,552,676 ","$68,909,343 ","$310,657,321 ",35.51%,36.63%,"$19,585,377 ","$72,753,070 ","12,549","12,198","7,424,651","12,360,420","206,768,126","26,656,547",3.05%,1.60%,"40,049,942",4.58%,4.72%,"$71,730 ",$71 ,"$25,468 ",$25 ,"$3,283 ",$3.24 ,64%,36%,4%,23%,12%
11224,2121,1107830777,522315,18767453,46233630,21798,3822309,5390764,40842866,8164897,0.0074,0.0085,0.0417,0.0471,9242565,4358,0.0083,0.0094,"1,259","$158,693,059 ","$1,017,274,266 ","$67,309,849 ","$374,852,385 ","$59,643,437 ","$263,546,992 ","$65,228,959 ","$428,687,986 ",42.14%,45.00%,"$57,740,158 ","$308,000,851 ","16,508","16,385","15,564,317","16,610,130","108,804,266","14,027,046",1.38%,1.99%,"55,266,455",5.43%,5.80%,"$62,086 ",$61 ,"$26,163 ",$26 ,"$3,373 ",$3.33 ,69%,31%,22%,8%,17%
11225,3015,2824707159,936885,31932259,79828643,26477,5398313,7717718,72110925,14415695,0.0051,0.0054,0.0283,0.03,15958544,5293,0.0056,0.006,"1,040","$148,684,893 ","$1,186,939,466 ","$52,512,555 ","$388,236,566 ","$7,232,863 ","$65,654,337 ","$57,313,310 ","$461,944,228 ",38.92%,45.00%,"$7,621,572 ","$76,975,781 ","19,814","19,271","6,036,911","18,915,000","317,256,258","40,900,677",3.45%,1.96%,"59,553,850",5.02%,5.80%,"$61,592 ",$63 ,"$23,971 ",$24 ,"$3,090 ",$3.15 ,19%,81%,73%,2%,9%
11226,3754,2961671752,788938,48176582,102568679,27323,5676461,7483349,95085330,19008508,0.0064,0.0073,0.0346,0.0394,20504505,5462,0.0069,0.0079,"1,502","$264,570,503 ","$1,736,966,542 ","$91,754,516 ","$564,283,126 ","$5,086,646 ","$36,800,479 ","$105,878,632 ","$690,963,372 ",39.78%,45.00%,"$7,022,416 ","$45,080,206 ","32,183","31,616","11,467,969","30,730,415","525,150,190","67,702,362",3.90%,4.04%,"89,078,998",5.13%,5.80%,"$54,939 ",$57 ,"$21,855 ",$22 ,"$2,818 ",$2.90 ,9%,91%,75%,3%,16%
11227,#N/A,#N/A,#N/A,#N/A,#N/A,#N/A,#N/A,#N/A,#N/A,#N/A,#N/A,#N/A,#N/A,#N/A,#N/A,#N/A,#N/A,#N/A,1,"$15,000 ","$563,000 ","$1,389 ","$52,127 ",$0 ,$0 ,"$1,389 ","$52,127 ",9.26%,9.26%,$0 ,$0 ,7,7,"3,402","4,875","52,127","6,720",1.19%,1.19%,"6,720",1.19%,1.19%,"$80,429 ",$115 ,"$7,447 ",$11 ,$960 ,$1.38 ,,,,,
11228,7635,7054618600,923984,92294700,268734511,35198,18440452,28849443,239885068,47955424,0.0068,0.0072,0.0381,0.0383,53722716,7036,0.0076,0.0077,424,"$53,628,845 ","$218,721,749 ","$12,749,458 ","$51,954,301 ","$1,249,496 ","$2,955,060 ","$12,821,170 ","$57,435,810 ",26.26%,19.50%,"$1,300,097 ","$3,107,810 ","2,479","2,323","1,409,747","2,505,743","48,929,041","6,307,932",2.88%,2.19%,"7,404,625",3.39%,2.51%,"$94,155 ",$87 ,"$24,725 ",$23 ,"$3,188 ",$2.96 ,64%,36%,1%,30%,10%
11229,11377,7497314078,658989,101176931,323915121,28471,22084501,32232745,291682376,58310224,0.0078,0.0083,0.0432,0.0452,64753872,5692,0.0086,0.009,"1,096","$215,585,783 ","$1,023,538,036 ","$91,917,079 ","$364,256,044 ","$39,003,152 ","$89,244,211 ","$91,218,737 ","$427,642,753 ",41.78%,45.00%,"$38,513,194 ","$105,373,249 ","16,519","16,313","7,692,746","17,448,849","274,047,858","35,330,250",3.45%,0.85%,"55,131,704",5.39%,5.80%,"$62,744 ",$59 ,"$26,215 ",$25 ,"$3,380 ",$3.16 ,70%,30%,5%,21%,8%
11230,6868,7282610052,1060368,113409885,269645947,39261,13353800,17365557,252280390,50433373,0.0069,0.0072,0.037,0.0382,53904921,7849,0.0074,0.0076,"1,301","$236,112,002 ","$1,296,918,140 ","$91,608,621 ","$452,234,042 ","$12,393,000 ","$52,926,660 ","$93,949,607 ","$533,472,230 ",41.13%,45.00%,"$13,545,624 ","$60,429,570 ","21,524","21,219","7,721,928","22,478,325","398,535,600","51,379,210",3.96%,2.23%,"68,775,240",5.30%,5.80%,"$61,121 ",$58 ,"$25,141 ",$24 ,"$3,241 ",$3.06 ,79%,21%,8%,13%,10%
11231,2900,5138749402,1771983,19307977,81575470,28129,2523841,6436056,75139414,15021120,0.0029,0.0027,0.0159,0.0146,16307752,5623,0.0032,0.0029,"2,657","$392,923,702 ","$1,326,750,965 ","$56,588,979 ","$245,450,561 ","$7,551,461 ","$61,045,815 ","$58,918,223 ","$268,008,292 ",20.20%,18.83%,"$8,938,897 ","$68,920,515 ","9,571","9,260","10,832,894","10,120,038","183,839,172","23,700,546",1.79%,1.52%,"34,551,629",2.60%,2.43%,"$143,278 ",$131 ,"$28,943 ",$26 ,"$3,731 ",$3.41 ,66%,34%,12%,5%,22%
11232,1579,1396086228,884158,11415543,33686668,21334,1823516,2729529,30957139,6188642,0.0044,0.0044,0.0241,0.0237,6734302,4265,0.0048,0.0047,"1,036","$74,122,988 ","$576,819,210 ","$14,148,787 ","$115,194,601 ","$3,011,268 ","$26,892,709 ","$14,742,069 ","$128,993,877 ",22.36%,32.24%,"$3,026,692 ","$28,689,407 ","5,705","5,436","2,605,662","4,925,694","88,254,263","11,377,740",1.97%,1.07%,"16,629,891",2.88%,4.16%,"$106,111 ",$117 ,"$23,730 ",$26 ,"$3,059 ",$3.38 ,37%,63%,5%,15%,59%
11233,6123,4280086495,699018,44538866,111288567,18175,7202542,21599913,89688654,17929659,0.0042,0.0039,0.026,0.0215,22247697,3633,0.0052,0.0043,"1,662","$163,997,912 ","$1,073,778,722 ","$42,085,460 ","$288,636,165 ","$25,638,620 ","$195,224,848 ","$49,882,407 ","$329,321,806 ",30.67%,21.37%,"$31,285,193 ","$226,717,441 ","17,994","17,543","8,828,783","17,500,728","93,242,585","12,020,834",1.12%,1.16%,"42,456,167",3.95%,2.76%,"$61,208 ",$61 ,"$18,772 ",$19 ,"$2,420 ",$2.43 ,5%,95%,83%,2%,14%
11234,19024,10891319860,572504,184925311,547854245,28798,34462581,46077593,501776652,100310171,0.0092,0.0094,0.0503,0.0495,109521542,5757,0.0101,0.0099,338,"$60,714,764 ","$267,258,942 ","$24,989,746 ","$94,927,511 ","$11,842,835 ","$35,448,936 ","$22,956,865 ","$109,261,650 ",40.88%,45.00%,"$10,241,649 ","$39,891,873 ","4,470","4,417","3,186,881","5,324,202","59,445,769","7,663,749",2.87%,0.21%,"14,086,012",5.27%,5.80%,"$60,507 ",$50 ,"$24,737 ",$21 ,"$3,189 ",$2.65 ,44%,56%,46%,5%,8%
11235,7344,5217426992,710434,78363285,238419828,32465,13420498,23157507,215262321,43033091,0.0082,0.0089,0.0457,0.0471,47662508,6490,0.0091,0.0094,"3,013","$251,439,330 ","$1,717,813,629 ","$107,267,221 ","$640,370,884 ","$36,285,867 ","$178,938,742 ","$105,102,296 ","$729,851,848 ",42.49%,45.00%,"$36,759,597 ","$200,752,927 ","25,793","25,426","20,413,224","30,711,565","458,706,789","59,136,479",3.44%,1.53%,"94,092,500",5.48%,5.80%,"$67,561 ",$56 ,"$28,705 ",$24 ,"$3,701 ",$3.06 ,81%,19%,3%,13%,8%
11236,14631,7396849747,505560,144354907,371943743,25422,28219422,34014469,337929274,67555441,0.0091,0.0094,0.0503,0.0481,74355274,5082,0.0101,0.0096,313,"$52,232,185 ","$254,679,004 ","$26,649,524 ","$80,835,748 ","$18,299,890 ","$45,299,352 ","$17,276,630 ","$94,660,556 ",37.17%,24.13%,"$9,123,354 ","$53,445,546 ","4,844","4,778","5,815,612","5,965,666","35,446,022","4,569,701",1.79%,2.08%,"12,203,639",4.79%,3.11%,"$53,302 ",$43 ,"$19,812 ",$16 ,"$2,554 ",$2.05 ,6%,94%,85%,3%,7%
11237,1602,1148897606,717165,8568834,30012033,18734,1420712,3226336,26785697,5354729,0.0047,0.0047,0.0261,0.0257,5999706,3745,0.0052,0.0051,"2,353","$139,004,317 ","$1,343,028,232 ","$23,720,980 ","$179,064,382 ","$4,701,771 ","$38,353,403 ","$26,050,994 ","$193,581,709 ",14.41%,9.65%,"$5,249,868 ","$46,070,276 ","13,702","13,093","7,447,104","11,901,417","140,454,818","18,107,435",1.35%,1.14%,"24,956,554",1.86%,1.24%,"$102,576 ",$113 ,"$14,785 ",$16 ,"$1,906 ",$2.10 ,45%,55%,15%,7%,72%
11238,2768,4215470064,1522930,20301584,72152116,26067,3127022,7308483,64843633,12962891,0.0031,0.0028,0.0171,0.0155,14423930,5211,0.0034,0.0031,"3,820","$360,854,295 ","$2,401,251,745 ","$90,250,349 ","$612,065,645 ","$23,523,159 ","$189,491,151 ","$95,517,404 ","$716,554,943 ",29.84%,45.00%,"$24,372,987 ","$216,714,789 ","23,282","22,821","16,986,100","22,481,322","422,163,549","54,425,325",2.27%,1.22%,"92,378,263",3.85%,5.80%,"$105,221 ",$107 ,"$31,399 ",$32 ,"$4,048 ",$4.11 ,41%,59%,43%,7%,11%
11239,607,278206614,458331,4949216,12231431,20151,1456794,6532972,5698459,1139179,0.0041,0.0064,0.044,0.0535,2445185,4028,0.0088,0.0107,13,"$67,261,000 ","$420,331,000 ","$29,840,126 ","$170,475,557 ","$29,767,580 ","$169,377,865 ","$30,267,450 ","$189,148,950 ",45.00%,45.00%,"$30,160,185 ","$188,016,539 ","7,955","7,949","4,352,958","7,967,066","1,097,692","141,514",0.03%,0.00%,"24,385,083",5.80%,5.80%,"$52,878 ",$53 ,"$23,795 ",$24 ,"$3,068 ",$3.06 ,32%,68%,54%,3%,22%
11242,1,538000,538000,10450,31063,31063,0,0,31063,6210,0.0115,0.0115,0.0577,0.0577,6210,6210,0.0115,0.0115,0,$0 ,$0 ,$0 ,$0 ,$0 ,$0 ,$0 ,$0 ,#DIV/0!,#NUM!,$0 ,$0 ,0,0,0,0,0,0,#DIV/0!,#NUM!,0,#DIV/0!,#NUM!,#DIV/0!,#DIV/0!,#DIV/0!,#DIV/0!,#DIV/0!,#DIV/0!,65%,35%,14%,10%,14%
11249,689,643975495,934652,3586532,14649918,21263,413384,1007503,13642415,2727255,0.0042,0.0054,0.0227,0.0307,2928665,4251,0.0045,0.0061,"4,296","$205,227,991 ","$1,932,217,722 ","$61,537,099 ","$580,608,947 ","$23,296,296 ","$417,686,353 ","$68,420,528 ","$690,902,997 ",35.76%,45.00%,"$24,540,592 ","$501,229,642 ","15,447","14,806","54,473,647","23,184,913","161,965,198","20,880,553",1.08%,0.44%,"89,071,214",4.61%,5.80%,"$130,502 ",$83 ,"$46,664 ",$30 ,"$6,016 ",$3.84 ,79%,21%,5%,4%,26%
11251,3,1668031,556010,455,56536,18845,0,9972,46564,9309,0.0056,0.0056,0.0339,0.0339,11302,3767,0.0068,0.0068,0,$0 ,$0 ,$0 ,$0 ,$0 ,$0 ,$0 ,$0 ,#DIV/0!,#NUM!,$0 ,$0 ,0,0,0,0,0,0,#DIV/0!,#NUM!,0,#DIV/0!,#NUM!,#DIV/0!,#DIV/0!,#DIV/0!,#DIV/0!,#DIV/0!,#DIV/0!,50%,50%,0%,0%,0%
11354,3985,3382080535,848703,55037967,146655699,36802,9499027,14118005,132537694,26495610,0.0078,0.0082,0.0434,0.044,29317941,7357,0.0087,0.0088,"3,136","$193,162,637 ","$1,190,442,037 ","$79,576,735 ","$458,140,761 ","$31,129,175 ","$146,303,568 ","$79,392,582 ","$517,757,130 ",43.49%,45.00%,"$31,428,490 ","$157,097,054 ","15,385","15,160","37,295,905","20,704,169","311,348,130","40,139,001",3.37%,1.78%,"66,749,249",5.61%,5.80%,"$78,525 ",$57 ,"$34,153 ",$25 ,"$4,403 ",$3.22 ,25%,75%,4%,59%,16%
11355,5991,5265973968,878981,65937875,210910500,35205,11265865,19529949,191380551,38258886,0.0073,0.0075,0.0401,0.0397,42163118,7038,0.008,0.0079,"4,064","$261,373,387 ","$1,520,511,253 ","$104,338,377 ","$595,154,623 ","$25,854,962 ","$127,470,780 ","$105,902,316 ","$654,944,442 ",43.07%,45.00%,"$26,454,795 ","$133,722,195 ","20,696","20,352","131,959,010","23,859,924","467,489,686","60,268,770",3.96%,4.78%,"84,435,437",5.55%,5.80%,"$74,711 ",$64 ,"$32,181 ",$27 ,"$4,149 ",$3.54 ,14%,86%,3%,73%,14%
11356,4874,3225327778,661741,39858235,139147021,28549,7605728,14000809,125146212,25017979,0.0078,0.0081,0.0431,0.0436,27816881,5707,0.0086,0.0087,192,"$29,148,676 ","$83,802,001 ","$6,226,710 ","$17,107,291 ","$352,148 ","$2,059,175 ","$6,256,551 ","$17,876,559 ",21.33%,20.13%,"$352,148 ","$2,311,829 ",736,676,"2,736,397","1,837,234","15,048,116","1,940,003",2.31%,1.63%,"2,304,646",2.75%,2.60%,"$123,967 ",$46 ,"$26,445 ",$10 ,"$3,409 ",$1.25 ,38%,62%,2%,30%,39%
11357,9577,8232033664,859563,114618549,374724933,39128,22583612,32592990,342131943,68395597,0.0083,0.0086,0.0455,0.046,74911261,7822,0.0091,0.0092,191,"$91,822,013 ","$332,038,000 ","$35,724,399 ","$119,178,804 ","$14,561,361 ","$15,459,939 ","$36,232,179 ","$140,880,349 ",42.43%,45.00%,"$15,873,300 ","$16,972,465 ","4,262","4,236","8,366,736","5,029,331","103,718,865","13,371,436",4.03%,3.44%,"18,162,295",5.47%,5.80%,"$78,385 ",$66 ,"$33,258 ",$28 ,"$4,288 ",$3.61 ,76%,24%,0%,18%,13%
11358,8075,6543251999,810310,111063388,286874335,35526,19485014,27091491,259782844,51933188,0.0079,0.0082,0.0438,0.0437,57349048,7102,0.0088,0.0087,542,"$79,642,793 ","$248,883,990 ","$24,241,122 ","$77,013,769 ","$1,660,934 ","$3,710,788 ","$24,219,072 ","$87,611,501 ",35.20%,45.00%,"$1,697,549 ","$3,818,014 ","3,161","3,074","4,619,689","2,966,685","73,283,696","9,447,734",3.80%,4.55%,"11,294,875",4.54%,5.80%,"$80,964 ",$84 ,"$28,501 ",$30 ,"$3,674 ",$3.81 ,48%,52%,2%,42%,15%
11360,3338,3015347034,903339,32818554,138538392,41503,6434293,10533692,128004700,25589420,0.0085,0.0086,0.0459,0.0457,27695210,8297,0.0092,0.0091,"1,105","$128,307,955 ","$458,175,976 ","$53,227,178 ","$176,257,187 ","$15,844,180 ","$20,096,131 ","$53,021,348 ","$200,124,020 ",43.68%,45.00%,"$16,784,280 ","$21,730,265 ","4,847","4,840","134,271,865","6,711,598","156,161,056","20,132,283",4.39%,5.21%,"25,799,989",5.63%,5.80%,"$94,664 ",$68 ,"$41,348 ",$30 ,"$5,331 ",$3.84 ,66%,34%,1%,26%,10%
11361,5947,4881966908,820913,61701666,212527943,35737,11919579,17485249,195042694,38990985,0.008,0.0082,0.0435,0.0436,42486461,7144,0.0087,0.0087,296,"$67,536,485 ","$245,802,992 ","$23,463,247 ","$84,106,223 ","$3,053,289 ","$7,711,754 ","$23,488,088 ","$99,073,039 ",40.31%,45.00%,"$3,281,580 ","$8,359,703 ","3,150","3,107","11,088,046","2,938,104","76,337,679","9,841,454",4.00%,4.39%,"12,772,496",5.20%,5.80%,"$79,113 ",$84 ,"$31,887 ",$34 ,"$4,111 ",$4.35 ,52%,48%,3%,35%,16%
11362,4016,3433775424,855024,44637807,156515120,38973,8169625,11791878,144723242,28931623,0.0084,0.0085,0.0456,0.0451,31288938,7791,0.0091,0.009,47,"$71,588,000 ","$210,548,000 ","$31,608,368 ","$81,686,548 ","$10,255,302 ","$10,255,302 ","$31,608,368 ","$93,892,878 ",44.59%,38.71%,"$10,918,425 ","$10,918,425 ","2,740","2,712","5,992,831","3,730,564","71,431,246","9,208,916",4.37%,4.35%,"12,104,670",5.75%,4.99%,"$77,636 ",$56 ,"$34,621 ",$25 ,"$4,463 ",$3.24 ,52%,48%,2%,42%,9%
11363,2150,2168440509,1008577,28696130,90245982,41975,4721071,6241439,84004543,16793348,0.0077,0.008,0.0416,0.0426,18041074,8391,0.0083,0.0085,31,"$17,738,584 ","$71,619,000 ","$6,173,504 ","$26,542,264 ","$895,781 ","$7,951,873 ","$6,165,674 ","$30,060,272 ",41.97%,25.52%,"$934,836 ","$8,728,836 ",720,716,"522,442","737,960","18,590,391","2,396,673",3.35%,3.21%,"3,875,370",5.41%,3.29%,"$100,027 ",$97 ,"$41,984 ",$41 ,"$5,413 ",$5.25 ,56%,44%,1%,33%,17%
11364,6244,5136812573,822680,83598783,241475698,38673,14235778,19186940,222288758,44437746,0.0087,0.0089,0.047,0.047,48273407,7731,0.0094,0.0094,220,"$133,944,959 ","$485,207,986 ","$58,799,976 ","$190,253,752 ","$12,723,887 ","$26,504,181 ","$60,063,756 ","$218,020,131 ",44.93%,45.00%,"$13,316,853 ","$30,891,367 ","6,276","6,270","87,202,919","6,670,563","163,433,820","21,069,888",4.34%,4.82%,"28,107,155",5.79%,5.80%,"$77,386 ",$73 ,"$34,772 ",$33 ,"$4,483 ",$4.21 ,42%,58%,2%,50%,8%
11365,6568,5017668203,763957,87349569,232408126,35385,14836664,20179320,212228806,42426661,0.0085,0.0088,0.0463,0.0464,46460708,7074,0.0093,0.0093,480,"$148,096,245 ","$583,117,576 ","$61,263,156 ","$230,270,028 ","$26,928,546 ","$98,867,016 ","$65,013,355 ","$257,826,416 ",44.22%,45.00%,"$26,956,356 ","$112,650,083 ","6,626","6,590","13,140,774","8,320,092","131,321,418","16,929,957",2.90%,4.43%,"33,238,982",5.70%,5.80%,"$88,485 ",$70 ,"$39,124 ",$31 ,"$5,044 ",$4.00 ,36%,64%,6%,45%,18%
11366,3559,2711775700,761949,49321395,127377735,35790,7535897,9298656,118079079,23605189,0.0087,0.009,0.047,0.0473,25464083,7155,0.0094,0.0095,47,"$21,336,000 ","$85,558,000 ","$7,783,799 ","$31,847,425 ","$66,781 ","$66,781 ","$7,824,181 ","$34,964,547 ",40.87%,27.76%,"$70,112 ","$70,112 ",928,919,"1,363,311","940,178","31,780,644","4,097,161",4.79%,3.58%,"4,507,629",5.27%,3.58%,"$93,099 ",$91 ,"$38,046 ",$37 ,"$4,905 ",$4.79 ,50%,50%,6%,38%,8%
11367,4589,3376468594,735774,55714647,151952764,33112,9148389,12576424,139376340,27862724,0.0083,0.0086,0.045,0.045,30376877,6619,0.009,0.009,959,"$177,181,297 ","$668,382,016 ","$78,885,196 ","$250,414,715 ","$35,871,984 ","$95,201,796 ","$78,834,676 ","$298,618,839 ",44.68%,45.00%,"$35,924,004 ","$120,085,964 ","10,895","10,831","184,884,216","10,534,690","155,212,905","20,010,048",2.99%,5.26%,"38,497,941",5.76%,5.80%,"$61,710 ",$63 ,"$27,571 ",$28 ,"$3,554 ",$3.65 ,56%,44%,9%,23%,16%
11368,5934,4253395956,716784,50827571,180546201,30426,7187026,24503469,156042732,31194503,0.0073,0.0078,0.0424,0.0417,36092991,6082,0.0085,0.0083,"2,344","$345,425,325 ","$1,467,439,587 ","$100,381,055 ","$461,987,740 ","$29,165,181 ","$129,164,983 ","$101,029,590 ","$502,520,117 ",34.24%,36.56%,"$29,721,819 ","$135,538,316 ","17,347","16,793","8,356,513","16,314,531","332,821,137","42,907,301",2.92%,1.24%,"64,784,893",4.41%,4.71%,"$87,384 ",$90 ,"$29,924 ",$31 ,"$3,858 ",$3.97 ,42%,58%,13%,11%,73%
11369,5078,3133820717,617137,36931927,138713433,27317,6323371,10132594,128580839,25704596,0.0082,0.0085,0.0443,0.0448,27730202,5461,0.0088,0.009,132,"$46,388,000 ","$171,337,000 ","$12,262,396 ","$48,779,392 ","$4,553,039 ","$6,637,461 ","$12,287,146 ","$58,478,525 ",34.13%,15.58%,"$4,980,078 ","$7,223,781 ","2,306","2,280","914,640","1,993,594","42,141,931","5,432,938",3.17%,1.94%,"7,539,051",4.40%,2.01%,"$75,148 ",$86 ,"$25,648 ",$29 ,"$3,307 ",$3.78 ,26%,74%,17%,13%,64%
11370,3998,3073852066,768847,34955923,142737053,35702,8426921,13838663,128898390,25768077,0.0084,0.009,0.0464,0.0472,28534564,7137,0.0093,0.0094,"1,091","$31,616,913 ","$109,384,030 ","$9,793,441 ","$32,455,210 ","$1,526,483 ","$2,288,451 ","$9,803,791 ","$36,845,328 ",33.68%,45.00%,"$1,528,237 ","$2,380,999 ","1,401","1,394","1,941,611","7,797,145","30,166,759","3,889,099",3.56%,4.85%,"4,750,100",4.34%,5.80%,"$78,468 ",$14 ,"$26,431 ",$5 ,"$3,408 ",$0.61 ,38%,62%,15%,21%,38%
11371,1,811000,811000,8678,41158,41158,1550,1550,39608,7918,0.0098,0.0098,0.0507,0.0507,8228,8228,0.0101,0.0101,0,$0 ,$0 ,$0 ,$0 ,$0 ,$0 ,$0 ,$0 ,#DIV/0!,#NUM!,$0 ,$0 ,0,0,0,0,0,0,#DIV/0!,#NUM!,0,#DIV/0!,#NUM!,#DIV/0!,#DIV/0!,#DIV/0!,#DIV/0!,#DIV/0!,#DIV/0!,42%,58%,13%,11%,73%
11372,1763,1520423740,862407,17335262,63681520,36121,3603498,5520298,58161222,11627010,0.0076,0.0081,0.0419,0.0416,12730573,7221,0.0084,0.0083,"1,489","$269,185,089 ","$1,510,054,899 ","$107,984,426 ","$525,526,841 ","$17,717,698 ","$36,647,733 ","$108,119,528 ","$608,414,723 ",40.29%,45.00%,"$18,588,603 ","$38,811,672 ","21,753","21,374","12,171,156","21,252,017","488,171,906","62,935,122",4.17%,4.74%,"78,436,826",5.19%,5.80%,"$70,649 ",$71 ,"$28,465 ",$29 ,"$3,670 ",$3.69 ,61%,39%,3%,20%,58%
11373,6326,5121605436,809612,84177098,214278466,33873,13277226,22272567,192005899,38383899,0.0075,0.0078,0.0418,0.0414,42836408,6771,0.0084,0.0083,"2,610","$239,217,012 ","$1,407,794,039 ","$86,224,594 ","$527,088,156 ","$15,754,747 ","$70,332,622 ","$86,815,849 ","$584,948,465 ",41.55%,45.00%,"$15,995,961 ","$75,455,351 ","19,629","19,377","20,894,657","23,283,985","436,263,116","56,243,041",4.00%,4.29%,"75,411,556",5.36%,5.80%,"$72,653 ",$60 ,"$30,188 ",$25 ,"$3,892 ",$3.24 ,38%,62%,2%,49%,41%
11374,2938,2443179133,831579,39087307,105836947,36023,6623549,8874638,96962309,19383735,0.0079,0.0082,0.0433,0.0434,21157864,7201,0.0087,0.0087,"1,724","$146,705,942 ","$1,255,490,770 ","$60,560,462 ","$480,693,328 ","$15,626,420 ","$62,959,977 ","$64,191,383 ","$559,490,680 ",44.56%,45.00%,"$16,628,987 ","$66,239,952 ","16,826","16,730","47,216,582","20,750,377","417,393,292","53,810,343",4.29%,4.62%,"72,129,538",5.75%,5.80%,"$75,044 ",$61 ,"$33,442 ",$27 ,"$4,311 ",$3.48 ,63%,37%,3%,26%,18%
11375,6301,6804666285,1079934,69723740,270283107,42895,10856629,16920092,253363015,50649800,0.0074,0.0076,0.0397,0.0398,54032296,8575,0.0079,0.008,"1,744","$333,595,093 ","$2,128,567,059 ","$143,138,935 ","$831,899,246 ","$30,221,118 ","$70,796,746 ","$146,352,049 ","$945,021,587 ",44.40%,45.00%,"$31,021,426 ","$76,732,081 ","26,934","26,674","23,518,096","29,744,455","760,901,799","98,095,460",4.61%,4.75%,"121,832,183",5.72%,5.80%,"$79,799 ",$72 ,"$35,429 ",$32 ,"$4,567 ",$4.10 ,64%,36%,3%,26%,13%
11377,6454,4873877609,755172,80981110,215349981,33367,12387688,20133633,195216348,39025700,0.008,0.0083,0.0442,0.0443,43050615,6670,0.0088,0.0089,"1,468","$287,131,516 ","$1,482,843,064 ","$108,317,172 ","$488,213,248 ","$32,963,731 ","$104,098,476 ","$108,823,952 ","$553,479,159 ",37.33%,45.00%,"$33,116,552 ","$115,307,883 ","19,979","19,671","12,325,374","17,044,008","384,002,902","49,505,654",3.34%,2.19%,"71,354,533",4.81%,5.80%,"$75,382 ",$87 ,"$28,137 ",$32 ,"$3,627 ",$4.19 ,48%,52%,3%,37%,39%
11378,6977,4554002215,652716,57633234,191019615,27378,12015395,17416851,173602764,34704929,0.0076,0.0078,0.0419,0.0416,38186731,5473,0.0084,0.0083,356,"$64,537,308 ","$202,958,005 ","$14,077,960 ","$49,706,297 ","$2,420,553 ","$9,505,056 ","$14,076,447 ","$55,221,516 ",27.21%,15.34%,"$2,514,952 ","$10,892,675 ","2,438","2,309","1,745,581","2,160,254","40,201,241","5,182,744",2.55%,1.85%,"7,119,158",3.51%,1.98%,"$87,899 ",$94 ,"$23,916 ",$26 ,"$3,083 ",$3.30 ,77%,23%,2%,10%,28%
11379,8540,5865545697,686832,103979799,259587715,30397,21411812,29481785,230105930,46000476,0.0078,0.0082,0.0443,0.0445,51894180,6077,0.0088,0.0089,334,"$41,121,112 ","$120,620,122 ","$10,813,461 ","$37,224,084 ","$1,328,942 ","$3,165,855 ","$10,812,922 ","$41,170,252 ",34.13%,45.00%,"$1,337,686 ","$3,416,823 ","1,556","1,498","4,526,403","1,562,360","33,974,209","4,379,955",3.63%,3.92%,"5,307,669",4.40%,5.80%,"$80,521 ",$77 ,"$27,483 ",$26 ,"$3,543 ",$3.40 ,86%,14%,1%,8%,18%
11385,10854,7027411680,647449,105584358,301330556,27762,19849446,28760113,272570443,54489557,0.0078,0.0081,0.0429,0.0431,60238991,5550,0.0086,0.0086,"3,285","$273,348,859 ","$1,524,083,436 ","$55,126,546 ","$299,837,118 ","$4,270,409 ","$17,364,202 ","$56,009,370 ","$315,545,551 ",20.70%,16.73%,"$4,537,624 ","$19,827,275 ","17,851","17,139","8,990,308","15,602,273","282,418,376","36,409,377",2.39%,2.16%,"40,680,132",2.67%,2.16%,"$88,925 ",$98 ,"$18,411 ",$20 ,"$2,374 ",$2.61 ,81%,19%,2%,7%,45%
11411,5187,2179690500,420222,55848451,118311235,22809,11423313,13668665,104642570,20919096,0.0096,0.0103,0.0543,0.0552,23651599,4560,0.0109,0.011,14,"$4,583,000 ","$7,931,000 ","$1,217,731 ","$2,208,042 ",$0 ,$0 ,"$1,233,751 ","$2,378,412 ",29.99%,16.93%,$0 ,$0 ,123,113,"165,423","98,336","2,208,042","284,661",3.59%,2.18%,"306,625",3.87%,2.18%,"$70,186 ",$81 ,"$21,048 ",$24 ,"$2,713 ",$3.12 ,3%,97%,92%,1%,4%
11412,8513,3642744893,427904,84482734,178232785,20937,15500592,19342214,158890571,31763814,0.0087,0.0092,0.0489,0.0491,35630516,4185,0.0098,0.0098,67,"$11,429,000 ","$47,609,000 ","$2,271,382 ","$10,327,505 ","$20,995 ","$37,386 ","$2,271,382 ","$11,170,741 ",23.46%,11.72%,"$20,995 ","$37,386 ",589,511,"369,748","407,899","10,290,119","1,326,602",2.79%,1.51%,"1,440,132",3.02%,1.51%,"$93,168 ",$117 ,"$21,861 ",$27 ,"$2,818 ",$3.53 ,2%,98%,89%,3%,7%
11413,9615,4349280311,452343,97251355,220569806,22940,16886863,20372413,200197393,40021461,0.0092,0.0097,0.0507,0.0515,44094110,4586,0.0101,0.0103,26,"$7,305,000 ","$18,409,748 ","$1,756,191 ","$5,209,758 ","$120,005 ","$456,761 ","$1,785,171 ","$5,588,931 ",30.36%,23.33%,"$121,681 ","$458,437 ",274,260,"292,237","172,743","4,740,026","611,084",3.32%,2.63%,"720,525",3.91%,3.01%,"$70,807 ",$107 ,"$21,496 ",$32 ,"$2,771 ",$4.17 ,2%,98%,92%,1%,5%
11414,6102,4022092625,659143,86711660,203859431,33409,49616350,56856985,147002446,29387259,0.0073,0.0094,0.0507,0.0501,40753539,6679,0.0101,0.01,795,"$48,908,922 ","$193,525,974 ","$21,273,840 ","$73,065,011 ","$11,687,166 ","$13,553,402 ","$21,453,327 ","$84,925,856 ",43.88%,45.00%,"$12,487,787 ","$14,635,146 ","3,296","3,287","69,803,856","4,637,762","59,511,609","7,672,237",3.96%,4.89%,"10,948,641",5.66%,5.80%,"$58,876 ",$42 ,"$25,837 ",$18 ,"$3,331 ",$2.36 ,84%,16%,3%,3%,20%
11415,1104,890383267,806507,16781012,39282815,35582,2061499,2743048,36539767,7304665,0.0082,0.0084,0.0441,0.0441,7853028,7113,0.0088,0.0088,481,"$101,594,452 ","$581,586,023 ","$43,122,726 ","$226,735,253 ","$8,624,935 ","$23,381,924 ","$43,536,552 ","$256,848,224 ",44.16%,45.00%,"$9,080,770 ","$25,697,159 ","7,783","7,684","7,234,154","8,731,285","201,628,334","25,993,925",4.47%,4.99%,"33,112,873",5.69%,5.80%,"$75,688 ",$67 ,"$33,426 ",$29 ,"$4,309 ",$3.79 ,60%,40%,7%,18%,24%
11416,3436,1802584726,524617,40240538,84687854,24647,5306564,7083851,77604003,15513816,0.0086,0.009,0.047,0.0474,16929949,4927,0.0094,0.0095,179,"$19,347,008 ","$85,447,010 ","$3,425,533 ","$15,513,107 ","$149,993 ","$519,111 ","$3,445,693 ","$15,995,848 ",18.72%,17.12%,"$149,993 ","$519,360 ",830,738,"993,412","679,056","14,993,996","1,933,026",2.26%,2.12%,"2,062,185",2.41%,2.21%,"$115,782 ",$126 ,"$21,675 ",$24 ,"$2,794 ",$3.04 ,26%,74%,6%,36%,42%
11417,5704,2809072086,492474,59374493,135780208,23804,10076853,13265965,122514243,24491822,0.0087,0.0091,0.0483,0.0486,27143821,4759,0.0097,0.0097,170,"$14,590,001 ","$79,215,004 ","$3,467,585 ","$21,635,177 ","$59,952 ","$414,120 ","$3,472,985 ","$22,425,386 ",28.31%,34.26%,"$59,952 ","$502,842 ",949,893,"787,314","1,000,318","21,221,057","2,735,819",3.45%,4.42%,"2,891,081",3.65%,4.42%,"$88,707 ",$79 ,"$25,112 ",$22 ,"$3,237 ",$2.89 ,39%,61%,8%,28%,37%
11418,4512,2604423703,577222,57070478,124425866,27577,7334196,9338961,115086905,23007023,0.0088,0.0092,0.0478,0.0479,24873975,5513,0.0096,0.0096,597,"$61,001,924 ","$303,484,007 ","$17,078,568 ","$95,903,845 ","$3,606,511 ","$27,846,319 ","$17,329,943 ","$106,290,086 ",35.02%,45.00%,"$3,718,542 ","$29,611,000 ","3,672","3,528","5,391,758","3,779,537","68,045,556","8,772,433",2.89%,1.84%,"13,702,918",4.52%,5.80%,"$86,022 ",$80 ,"$30,128 ",$28 ,"$3,884 ",$3.63 ,35%,65%,8%,26%,43%
11419,6995,3417468769,488559,69681852,168805049,24132,9862569,12725897,156079152,31201783,0.0091,0.0094,0.0494,0.0495,33745817,4824,0.0099,0.0099,182,"$27,326,000 ","$106,233,000 ","$5,816,608 ","$24,475,031 ","$445,158 ","$937,686 ","$5,979,088 ","$27,109,045 ",25.52%,19.05%,"$445,158 ","$937,686 ","1,239","1,076","574,419","930,145","23,537,345","3,034,435",2.86%,2.29%,"3,494,898",3.29%,2.46%,"$98,730 ",$114 ,"$25,194 ",$29 ,"$3,248 ",$3.76 ,11%,89%,17%,30%,18%
11420,9158,4382231120,478514,71474411,211599806,23105,12867115,17488688,194111118,38804754,0.0089,0.0092,0.0483,0.0484,42300917,4619,0.0097,0.0097,99,"$22,625,008 ","$50,539,012 ","$4,740,786 ","$11,969,874 ","$908,010 ","$2,177,205 ","$4,760,946 ","$13,262,863 ",26.24%,22.35%,"$928,170 ","$2,823,948 ",702,651,"572,694","509,870","9,792,669","1,262,471",2.50%,2.64%,"1,709,848",3.38%,2.88%,"$77,633 ",$99 ,"$20,373 ",$26 ,"$2,626 ",$3.35 ,16%,84%,27%,20%,23%
11421,5975,3091437431,517395,66755057,146295174,24485,9456575,11228818,135066356,27001115,0.0087,0.009,0.0473,0.0476,29245868,4895,0.0095,0.0095,182,"$55,681,000 ","$189,166,998 ","$13,114,183 ","$54,902,603 ","$3,196,834 ","$5,319,035 ","$13,119,943 ","$63,860,572 ",33.76%,15.55%,"$3,323,436 ","$5,578,118 ","2,717","2,604","1,204,568","2,589,577","49,534,428","6,385,978",3.38%,1.79%,"8,232,905",4.35%,2.01%,"$72,645 ",$73 ,"$24,524 ",$25 ,"$3,162 ",$3.18 ,46%,54%,7%,19%,56%
11422,6758,3140762245,464747,57908898,156791119,23201,9733651,11846211,144944908,28975937,0.0092,0.0094,0.0499,0.0496,31344113,4638,0.01,0.0099,10,"$23,519,000 ","$77,384,000 ","$10,474,527 ","$29,734,748 ","$8,637,199 ","$24,617,960 ","$10,515,395 ","$34,610,685 ",44.73%,34.26%,"$8,700,725 ","$28,405,775 ","1,499","1,493","2,073,038","1,568,645","5,116,788","659,656",0.85%,0.64%,"4,462,010",5.77%,4.42%,"$51,831 ",$49 ,"$23,182 ",$22 ,"$2,989 ",$2.84 ,8%,92%,85%,3%,7%
11423,4991,2843195363,569664,67471465,141665924,28384,9523425,11541089,130124835,26013256,0.0091,0.0095,0.0498,0.0502,28320435,5674,0.01,0.01,82,"$47,953,590 ","$185,955,529 ","$18,277,269 ","$65,867,670 ","$3,640,200 ","$8,391,811 ","$18,396,162 ","$77,647,509 ",41.76%,45.00%,"$3,975,507 ","$8,850,008 ","3,260","3,232","2,091,138","2,639,702","57,475,859","7,409,788",3.98%,2.88%,"10,010,317",5.38%,5.80%,"$57,536 ",$70 ,"$24,025 ",$29 ,"$3,097 ",$3.79 ,15%,85%,41%,25%,16%
11426,4387,2448810433,558197,57138239,123298378,28105,10985899,12686295,110612083,22112462,0.009,0.0094,0.0504,0.0504,24648579,5619,0.0101,0.0101,18,"$22,361,000 ","$96,892,000 ","$9,092,104 ","$34,323,694 ","$2,105,588 ","$7,389,828 ","$9,112,804 ","$41,867,921 ",43.21%,18.80%,"$2,169,222 ","$8,598,752 ","1,181","1,176","1,846,576","1,054,562","26,933,866","3,472,314",3.58%,2.26%,"5,397,612",5.57%,2.42%,"$82,391 ",$92 ,"$35,602 ",$40 ,"$4,590 ",$5.12 ,47%,53%,4%,39%,21%
11427,4183,2493879617,596194,58213718,126630644,30273,8275632,9571546,117059098,23401284,0.0094,0.0097,0.0508,0.0513,25314732,6052,0.0102,0.0103,41,"$60,209,000 ","$195,084,000 ","$25,522,642 ","$74,784,454 ","$5,618,304 ","$17,233,412 ","$26,091,262 ","$85,448,968 ",43.80%,45.00%,"$6,030,301 ","$19,000,941 ","2,942","2,935","3,601,819","2,689,844","57,551,042","7,419,480",3.80%,3.80%,"11,016,081",5.65%,5.80%,"$66,468 ",$73 ,"$29,114 ",$32 ,"$3,753 ",$4.10 ,28%,72%,26%,33%,14%
11428,4139,1900136879,459081,45420933,95359982,23039,7186826,8350107,87009875,17394144,0.0092,0.0095,0.0502,0.0502,19063414,4606,0.01,0.01,42,"$15,038,000 ","$55,110,000 ","$4,374,801 ","$16,815,728 ","$9,440 ","$9,440 ","$4,374,801 ","$18,897,688 ",34.29%,22.18%,"$9,440 ","$9,440 ",650,606,"396,734","590,976","16,806,288","2,166,667",3.93%,2.86%,"2,436,290",4.42%,2.86%,"$90,941 ",$93 ,"$31,184 ",$32 ,"$4,020 ",$4.12 ,23%,77%,19%,29%,28%
11429,5641,2424780461,429849,57400940,122590735,21732,9868319,12044313,110546422,22099335,0.0091,0.0096,0.0506,0.0509,24507114,4344,0.0101,0.0102,44,"$11,473,000 ","$28,148,000 ","$2,209,790 ","$6,190,634 ","$85,388 ","$85,388 ","$2,209,790 ","$6,581,144 ",23.38%,11.65%,"$85,388 ","$85,388 ",375,360,"248,420","285,957","6,090,216","785,151",2.79%,1.50%,"848,441",3.01%,1.50%,"$78,189 ",$98 ,"$18,281 ",$23 ,"$2,357 ",$2.97 ,5%,95%,82%,3%,11%
11430,8,4607000,575875,88647,228783,28598,1561,1561,227222,45424,0.0099,0.0096,0.0497,0.048,45736,5717,0.0099,0.0096,0,$0 ,$0 ,$0 ,$0 ,$0 ,$0 ,$0 ,$0 ,#DIV/0!,#NUM!,$0 ,$0 ,0,0,0,0,0,0,#DIV/0!,#NUM!,0,#DIV/0!,#NUM!,#DIV/0!,#DIV/0!,#DIV/0!,#DIV/0!,#DIV/0!,#DIV/0!,11%,89%,70%,0%,30%
11432,5979,4477285424,748835,89847096,206391796,34519,12418924,18205121,188186675,37620398,0.0084,0.0087,0.0461,0.0457,41259784,6901,0.0092,0.0091,445,"$146,293,709 ","$780,477,037 ","$59,759,150 ","$287,812,574 ","$8,389,873 ","$62,639,310 ","$60,108,318 ","$333,288,277 ",42.70%,45.00%,"$8,734,218 ","$69,482,873 ","10,962","10,794","4,781,822","10,368,403","225,142,405","29,025,359",3.72%,0.99%,"42,967,525",5.51%,5.80%,"$72,307 ",$75 ,"$30,877 ",$32 ,"$3,981 ",$4.14 ,23%,77%,17%,40%,26%
11433,5894,2525333764,428458,53880774,111070910,18845,9377149,14040283,97030627,19397393,0.0077,0.0079,0.044,0.0432,22204186,3767,0.0088,0.0086,72,"$32,439,200 ","$135,810,000 ","$13,380,174 ","$47,050,040 ","$10,667,782 ","$39,088,152 ","$13,893,038 ","$58,855,373 ",43.34%,33.91%,"$11,128,836 ","$50,371,245 ","2,061","2,024","1,542,740","1,974,269","7,961,888","1,026,447",0.76%,1.96%,"7,587,635",5.59%,4.37%,"$67,100 ",$69 ,"$29,079 ",$30 ,"$3,749 ",$3.84 ,4%,96%,65%,6%,26%
11434,10270,4548886040,442930,99672143,213374334,20776,18850676,22820129,190554205,38093691,0.0084,0.0088,0.0469,0.0471,42655663,4153,0.0094,0.0094,63,"$120,326,751 ","$561,011,611 ","$52,218,169 ","$213,242,205 ","$49,739,588 ","$200,897,358 ","$52,587,716 ","$248,816,615 ",44.35%,36.44%,"$50,110,598 ","$234,868,231 ","8,259","8,230","6,137,793","9,262,761","12,344,847","1,591,498",0.28%,1.72%,"32,077,438",5.72%,4.70%,"$68,167 ",$61 ,"$30,233 ",$27 ,"$3,898 ",$3.46 ,3%,97%,87%,2%,11%
11435,5286,2727703039,516024,57773334,124747677,23600,8826226,11324445,113423232,22674438,0.0083,0.0087,0.0457,0.0461,24938308,4718,0.0091,0.0092,454,"$137,753,831 ","$720,277,500 ","$55,126,279 ","$278,485,463 ","$10,223,147 ","$42,448,243 ","$56,478,630 ","$309,028,452 ",42.90%,45.00%,"$10,534,888 ","$44,096,790 ","10,633","10,531","6,075,859","9,739,749","231,485,721","29,843,139",4.14%,1.94%,"39,839,948",5.53%,5.80%,"$68,396 ",$74 ,"$29,345 ",$32 ,"$3,783 ",$4.09 ,22%,78%,24%,22%,32%
11436,4417,1836678012,415820,38879724,83554354,18917,6504449,8342083,75212271,15035685,0.0082,0.0085,0.0455,0.0454,16703351,3782,0.0091,0.0091,12,"$2,646,000 ","$4,959,000 ","$476,698 ","$969,020 ","$81,777 ","$200,577 ","$476,698 ","$969,020 ",19.54%,19.93%,"$81,777 ","$200,577 ",50,41,"33,190","37,456","768,443","99,068",2.00%,2.07%,"124,926",2.52%,2.57%,"$120,951 ",$132 ,"$23,635 ",$26 ,"$3,047 ",$3.34 ,6%,94%,70%,8%,13%
11691,6459,3073577003,475860,53722361,131344036,20335,13030631,19317402,112026634,22395244,0.0073,0.0087,0.0427,0.0471,26256986,4065,0.0085,0.0094,421,"$108,395,687 ","$598,259,369 ","$47,200,301 ","$227,550,271 ","$27,896,736 ","$123,190,019 ","$46,045,367 ","$259,465,786 ",43.37%,45.00%,"$27,100,651 ","$139,788,712 ","12,522","12,484","10,116,259","11,022,211","104,318,176","13,448,699",2.25%,0.07%,"33,450,329",5.59%,5.80%,"$47,922 ",$54 ,"$20,784 ",$24 ,"$2,679 ",$3.03 ,38%,62%,47%,3%,28%
11692,2388,1143155428,478708,23956038,52726488,22080,10571452,23638897,29087591,5814900,0.0051,0.0078,0.0461,0.0471,10540552,4414,0.0092,0.0094,30,"$47,840,860 ","$202,291,423 ","$21,565,246 ","$77,618,731 ","$21,278,568 ","$76,750,711 ","$20,876,616 ","$89,633,007 ",44.31%,18.62%,"$20,591,468 ","$88,767,959 ","4,081","4,075","3,908,645","4,748,262","865,048","111,522",0.06%,0.19%,"11,555,487",5.71%,2.40%,"$49,642 ",$43 ,"$21,996 ",$19 ,"$2,836 ",$2.43 ,29%,71%,57%,3%,24%
11693,1870,1145278996,612449,26798965,41198006,22031,17852007,19530561,21667445,4331539,0.0038,0.0075,0.036,0.0447,8235893,4404,0.0072,0.0089,410,"$35,449,646 ","$176,881,321 ","$15,884,634 ","$71,081,321 ","$13,509,664 ","$63,386,539 ","$15,430,897 ","$76,976,351 ",43.52%,45.00%,"$13,049,837 ","$68,612,361 ","3,169","3,154","2,509,409","3,484,010","7,660,725","987,621",0.56%,0.18%,"9,923,791",5.61%,5.80%,"$56,082 ",$51 ,"$24,406 ",$22 ,"$3,146 ",$2.85 ,56%,44%,32%,6%,17%
11694,3565,2719310740,762780,65278517,145103114,40702,27256076,29119928,115983186,23186199,0.0085,0.011,0.0534,0.0572,29007564,8137,0.0107,0.0114,443,"$46,864,125 ","$215,906,594 ","$19,250,450 ","$78,716,913 ","$8,176,417 ","$32,857,903 ","$18,855,698 ","$86,682,699 ",40.15%,45.00%,"$7,933,261 ","$35,377,883 ","3,978","3,949","5,600,728","4,195,779","45,845,596","5,910,414",2.74%,0.67%,"11,175,134",5.18%,5.80%,"$54,674 ",$51 ,"$21,951 ",$21 ,"$2,830 ",$2.66 ,85%,15%,8%,3%,13%
11697,25,436494030,17459761,10772516,22449283,897971,3230029,4241951,18207332,3639828,0.0083,0,0.0514,0.011,4487836,179513,0.0103,0.0022,0,$0 ,$0 ,$0 ,$0 ,$0 ,$0 ,$0 ,$0 ,#DIV/0!,#NUM!,$0 ,$0 ,0,0,0,0,0,0,#DIV/0!,#NUM!,0,#DIV/0!,#NUM!,#DIV/0!,#DIV/0!,#DIV/0!,#DIV/0!,#DIV/0!,#DIV/0!,99%,1%,0%,0%,1%
